Country_Name,Country_Code,Indicator_Name,Indicator_Code,1960,1961,1962,1963,1964,1965,1966,1967,1968,1969,1970,1971,1972,1973,1974,1975,1976,1977,1978,1979,1980,1981,1982,1983,1984,1985,1986,1987,1988,1989,1990,1991,1992,1993,1994,1995,1996,1997,1998,1999,2000,2001,2002,2003,2004,2005,2006,2007,2008,2009,2010,2011,2012,2013,2014,2015,2016,2017,2018,2019,2020,2021
Aruba,ABW,Out-of-pocket expenditure (% of current health expenditure),SH.XPD.OOPC.CH.ZS,,,,,,,,,,,,,,,,,,,,,,,,,,,,,,,,,,,,,,,,,,,,,,,,,,,,,,,,,,,,,,
Africa Eastern and Southern,AFE,Out-of-pocket expenditure (% of current health expenditure),SH.XPD.OOPC.CH.ZS,,,,,,,,,,,,,,,,,,,,,,,,,,,,,,,,,,,,,,,,,22.25105432,22.9110828,23.57183939,20.85538378,19.85463642,19.90979273,20.28059686,20.88105251,21.15208599,18.5212481,17.98898863,17.72690494,17.58842772,19.77552907,18.79695118,20.29198311,21.81341307,21.68384992,16.23743965,16.46048662,,
Afghanistan,AFG,Out-of-pocket expenditure (% of current health expenditure),SH.XPD.OOPC.CH.ZS,,,,,,,,,,,,,,,,,,,,,,,,,,,,,,,,,,,,,,,,,,,85.37561035,86.06919098,84.52759552,78.97008514,76.82497406,78.16999054,75.40338898,72.77924347,78.9966507,73.25517273,74.48620605,72.04786682,73.05592346,78.3822937,75.97433472,75.48257446,76.22302246,79.2986145,,
Africa Western and Central,AFW,Out-of-pocket expenditure (% of current health expenditure),SH.XPD.OOPC.CH.ZS,,,,,,,,,,,,,,,,,,,,,,,,,,,,,,,,,,,,,,,,,62.61221189,61.71208074,63.60933398,67.49158093,62.49659316,61.82003905,64.36793463,64.26134252,65.05636429,64.54735418,65.22794272,63.79797915,62.95310837,62.02882695,62.24080651,61.4178826,62.59863127,64.319733,62.10263891,59.22459637,,
Angola,AGO,Out-of-pocket expenditure (% of current health expenditure),SH.XPD.OOPC.CH.ZS,,,,,,,,,,,,,,,,,,,,,,,,,,,,,,,,,,,,,,,,,27.3046875,45.09108734,49.66205215,48.51068878,46.89109802,42.33265686,30.66570091,28.38397026,21.6532383,15.50890541,19.34375572,17.99380875,17.61917686,21.3492775,26.8761673,33.52316666,35.20893097,34.12101364,36.63189697,37.46487045,,
Albania,ALB,Out-of-pocket expenditure (% of current health expenditure),SH.XPD.OOPC.CH.ZS,,,,,,,,,,,,,,,,,,,,,,,,,,,,,,,,,,,,,,,,,60.40230942,57.77629089,59.70919037,54.0149231,52.65771866,52.52602005,51.34705734,55.97729111,53.06839752,47.11406708,47.34183121,49.54306412,50.38419342,50.88157654,52.14575958,43.28312683,41.76557541,44.45219803,44.58411789,,,
Andorra,AND,Out-of-pocket expenditure (% of current health expenditure),SH.XPD.OOPC.CH.ZS,,,,,,,,,,,,,,,,,,,,,,,,,,,,,,,,,,,,,,,,,15.51723194,15.67557716,14.92858124,15.93396664,16.79216766,15.69947433,17.69625664,17.78083229,15.40703011,14.15464115,13.69581985,14.90642738,15.07324886,14.8648653,13.90728474,14.55696201,13.939394,13.1428566,13.58695602,13.11475372,,
Arab World,ARB,Out-of-pocket expenditure (% of current health expenditure),SH.XPD.OOPC.CH.ZS,,,,,,,,,,,,,,,,,,,,,,,,,,,,,,,,,,,,,,,,,37.78965864,35.90550012,36.48104413,35.78175463,35.57223191,35.18400351,34.38350683,34.76023967,34.56340024,31.92425004,33.0858206,30.97369683,31.61826111,30.66350257,28.8686404,31.41172096,31.85300357,28.74267948,27.19327689,28.03577046,,
United Arab Emirates,ARE,Out-of-pocket expenditure (% of current health expenditure),SH.XPD.OOPC.CH.ZS,,,,,,,,,,,,,,,,,,,,,,,,,,,,,,,,,,,,,,,,,22.08343506,15.08593273,28.04150963,27.45693016,30.4083786,30.13919067,29.70960808,28.87625122,25.13651848,16.1003685,17.94574356,16.88403702,16.73880386,17.15579414,17.807827,17.78964996,18.79970169,11.41661739,12.69611263,12.50749207,,
Argentina,ARG,Out-of-pocket expenditure (% of current health expenditure),SH.XPD.OOPC.CH.ZS,,,,,,,,,,,,,,,,,,,,,,,,,,,,,,,,,,,,,,,,,29.10433197,29.47439766,29.99389839,28.24989319,27.62963104,33.06813049,32.41083908,31.28629875,30.2619133,26.18709564,26.78010178,26.89295959,26.08745956,26.81741714,27.04210854,25.93237495,29.56861496,25.84117699,27.72951698,27.65851593,,
Armenia,ARM,Out-of-pocket expenditure (% of current health expenditure),SH.XPD.OOPC.CH.ZS,,,,,,,,,,,,,,,,,,,,,,,,,,,,,,,,,,,,,,,,,62.01095581,50.87960434,75.23449707,76.42555237,71.58870697,62.9359169,61.17356873,58.2291832,71.43701172,73.63292694,77.62413025,78.4196701,78.58730316,82.8755722,82.48136902,81.62987518,80.6468811,84.34807587,84.27638245,84.79429626,,
American Samoa,ASM,Out-of-pocket expenditure (% of current health expenditure),SH.XPD.OOPC.CH.ZS,,,,,,,,,,,,,,,,,,,,,,,,,,,,,,,,,,,,,,,,,,,,,,,,,,,,,,,,,,,,,,
Antigua and Barbuda,ATG,Out-of-pocket expenditure (% of current health expenditure),SH.XPD.OOPC.CH.ZS,,,,,,,,,,,,,,,,,,,,,,,,,,,,,,,,,,,,,,,,,22.22428131,22.74691391,22.74011803,23.21789169,24.31144524,27.07498169,30.31648445,32.52657318,31.90914726,25.27703667,24.68379784,25.77301216,26.8955822,26.76339149,25.34367752,23.53068924,27.5195961,26.5686245,23.66021156,24.26510048,,
Australia,AUS,Out-of-pocket expenditure (% of current health expenditure),SH.XPD.OOPC.CH.ZS,,,,,,,,,,,,,,,,,,,,,,,,,,,,,,,,,,,,,,,,,20.99713898,20.43909645,19.92001152,19.14758873,19.21869659,19.64301491,19.74942017,19.00255966,19.04162598,19.05284309,19.74928665,19.17248344,19.93433762,19.50416565,19.40170097,18.74151993,18.45708466,18.00724983,17.82115936,15.98108578,,
Austria,AUT,Out-of-pocket expenditure (% of current health expenditure),SH.XPD.OOPC.CH.ZS,,,,,,,,,,,,,,,,,,,,,,,,,,,,,,,,,,,,,,,,,17.82221985,18.46295738,18.61328697,18.88836861,19.30190468,19.18325996,18.80627632,18.80613899,18.24393272,18.0512867,18.60162544,18.73956299,18.67409134,19.1712513,19.09817696,19.09111214,19.24335289,20.63871193,19.59343338,19.07191277,,
Azerbaijan,AZE,Out-of-pocket expenditure (% of current health expenditure),SH.XPD.OOPC.CH.ZS,,,,,,,,,,,,,,,,,,,,,,,,,,,,,,,,,,,,,,,,,68.60791016,70.08419037,72.2912674,68.86582947,65.7750473,58.51049423,56.38795471,52.713871,54.16812134,55.5350914,57.92219543,59.86849594,60.62773895,64.20559692,65.57722473,67.44889069,70.67050171,72.51228333,73.22861481,67.96251678,,
Burundi,BDI,Out-of-pocket expenditure (% of current health expenditure),SH.XPD.OOPC.CH.ZS,,,,,,,,,,,,,,,,,,,,,,,,,,,,,,,,,,,,,,,,,41.7869339,40.30458832,41.20006943,41.96569443,35.56011963,35.17008591,34.81430817,35.70703506,35.95796967,31.62755394,28.20030785,25.47524261,22.69366455,21.08439445,30.55746841,30.53679085,25.9504261,25.83029938,23.87432098,24.67635727,,
Belgium,BEL,Out-of-pocket expenditure (% of current health expenditure),SH.XPD.OOPC.CH.ZS,,,,,,,,,,,,,,,,,,,,,,,,,,,,,,,,,,,,,,,,,20.22722816,19.58826447,20.87109566,21.12304306,20.2767334,20.34818459,20.49900055,20.84237862,20.18033218,19.93112183,19.95389366,19.68982506,19.36368752,19.60912323,19.3283844,19.34007072,18.00682259,17.80459404,18.23685074,18.1728878,,
Benin,BEN,Out-of-pocket expenditure (% of current health expenditure),SH.XPD.OOPC.CH.ZS,,,,,,,,,,,,,,,,,,,,,,,,,,,,,,,,,,,,,,,,,52.36999512,49.88695526,52.65975571,53.0214653,51.0565033,51.10164261,50.49408722,49.00123596,47.32984543,46.01295471,44.99471283,43.57491302,37.40644836,42.31209183,44.01254272,40.49658966,43.00109863,43.86722565,44.68420029,47.04356766,,
Burkina Faso,BFA,Out-of-pocket expenditure (% of current health expenditure),SH.XPD.OOPC.CH.ZS,,,,,,,,,,,,,,,,,,,,,,,,,,,,,,,,,,,,,,,,,42.16007996,42.72938538,38.27582932,33.38692856,30.43884087,30.71225548,30.85259819,27.39347267,30.95701027,31.44069099,30.1687336,32.88170242,32.38356781,33.53733063,34.07847595,36.02980042,31.38309479,31.67767906,35.83074951,34.69356155,,
Bangladesh,BGD,Out-of-pocket expenditure (% of current health expenditure),SH.XPD.OOPC.CH.ZS,,,,,,,,,,,,,,,,,,,,,,,,,,,,,,,,,,,,,,,,,61.09532166,65.14016724,62.29359055,62.38762665,62.50523758,64.8548584,65.07526398,65.81632233,67.16353607,67.23670197,67.21040344,67.3722229,67.46909332,68.5146637,69.93145752,71.81633759,73.15340424,73.90063477,73.88067627,72.67635345,,
Bulgaria,BGR,Out-of-pocket expenditure (% of current health expenditure),SH.XPD.OOPC.CH.ZS,,,,,,,,,,,,,,,,,,,,,,,,,,,,,,,,,,,,,,,,,40.3757019,43.70612717,39.79439545,38.06082916,39.20325851,38.86741257,42.64740753,42.59270096,42.62918854,44.3673439,43.14134598,44.46372604,47.7468071,41.86244202,40.24094009,42.5099411,43.25471497,43.36104965,40.51737976,38.97313309,,
Bahrain,BHR,Out-of-pocket expenditure (% of current health expenditure),SH.XPD.OOPC.CH.ZS,,,,,,,,,,,,,,,,,,,,,,,,,,,,,,,,,,,,,,,,,25.79220581,25.35382843,25.72260857,31.49310112,30.9007473,28.19252586,27.09490967,30.15912437,27.22068405,28.34785652,28.46046066,28.43585014,26.80383301,26.91797256,26.17599869,25.84038734,27.98785782,30.44046402,30.00357819,29.7322998,,
"Bahamas, The",BHS,Out-of-pocket expenditure (% of current health expenditure),SH.XPD.OOPC.CH.ZS,,,,,,,,,,,,,,,,,,,,,,,,,,,,,,,,,,,,,,,,,27.22701454,28.23169327,28.80686188,28.64151382,29.60046577,30.36487389,29.36036682,28.72886658,27.804842,27.00976372,27.5947628,27.96329498,28.74634171,27.9325161,28.32532883,30.39039993,28.03924179,24.38473701,27.33548927,26.23400116,,
Bosnia and Herzegovina,BIH,Out-of-pocket expenditure (% of current health expenditure),SH.XPD.OOPC.CH.ZS,,,,,,,,,,,,,,,,,,,,,,,,,,,,,,,,,,,,,,,,,39.49313354,38.78443146,35.93489838,30.28847885,42.70067978,45.20005798,44.99708557,44.27066803,43.91299438,30.61831665,30.07586288,29.46848488,29.21257019,29.06751633,28.92234421,28.80271149,28.61372757,29.11909294,29.31168938,29.35281181,,
Belarus,BLR,Out-of-pocket expenditure (% of current health expenditure),SH.XPD.OOPC.CH.ZS,,,,,,,,,,,,,,,,,,,,,,,,,,,,,,,,,,,,,,,,,16.02836037,20.71437073,23.02667046,20.16889381,19.22101021,21.78302574,24.38807869,25.79393959,29.84134293,30.9197216,29.16506767,33.58784485,30.773983,33.79233932,34.89432526,36.20261383,26.71418571,27.05755615,25.44559479,25.69006348,,
Belize,BLZ,Out-of-pocket expenditure (% of current health expenditure),SH.XPD.OOPC.CH.ZS,,,,,,,,,,,,,,,,,,,,,,,,,,,,,,,,,,,,,,,,,37.30659866,33.60850143,33.21638107,33.49906921,33.45681,31.96217155,28.96888542,24.89032936,22.9197731,24.34006882,24.62802124,24.53951073,25.34549904,24.93612289,22.26491356,23.3705368,23.72737885,23.90150261,23.22352791,21.81062317,,
Bermuda,BMU,Out-of-pocket expenditure (% of current health expenditure),SH.XPD.OOPC.CH.ZS,,,,,,,,,,,,,,,,,,,,,,,,,,,,,,,,,,,,,,,,,,,,,,,,,,,,,,,,,,,,,,
Bolivia,BOL,Out-of-pocket expenditure (% of current health expenditure),SH.XPD.OOPC.CH.ZS,,,,,,,,,,,,,,,,,,,,,,,,,,,,,,,,,,,,,,,,,33.50730133,33.05337906,33.92093658,32.02861404,32.59438705,32.00019455,32.26539612,30.76193619,30.36822891,30.09937668,33.27740097,32.50546265,34.3583374,34.0091629,30.90435791,27.32661629,28.02112198,25.07784653,21.9814682,23.86875534,,
Brazil,BRA,Out-of-pocket expenditure (% of current health expenditure),SH.XPD.OOPC.CH.ZS,,,,,,,,,,,,,,,,,,,,,,,,,,,,,,,,,,,,,,,,,36.59222031,37.80702972,36.40619659,35.47385788,35.36583328,35.87644196,34.37126541,33.09412003,30.88409233,31.21032143,29.38520622,29.29958344,29.68203163,28.1770668,28.18024826,24.70735931,24.42057228,24.46793556,24.82529449,24.87984657,,
Barbados,BRB,Out-of-pocket expenditure (% of current health expenditure),SH.XPD.OOPC.CH.ZS,,,,,,,,,,,,,,,,,,,,,,,,,,,,,,,,,,,,,,,,,39.37475586,38.05859375,36.52173615,35.93107986,33.58927155,35.07392883,35.38161087,36.84221649,35.45526886,36.31340027,38.08008957,42.18822479,38.606987,40.98610687,43.79572678,44.00276184,44.0699234,45.29132462,46.51942825,46.72623062,,
Brunei Darussalam,BRN,Out-of-pocket expenditure (% of current health expenditure),SH.XPD.OOPC.CH.ZS,,,,,,,,,,,,,,,,,,,,,,,,,,,,,,,,,,,,,,,,,15.83131409,16.80674744,16.41055107,17.0513382,16.90948105,16.33396339,14.68852806,12.78499985,10.10823727,9.49940205,8.26134872,8.47186852,8.85192871,9.40742016,7.33459949,4.97357655,4.97981548,5.41142321,4.85835171,5.68010855,,
Bhutan,BTN,Out-of-pocket expenditure (% of current health expenditure),SH.XPD.OOPC.CH.ZS,,,,,,,,,,,,,,,,,,,,,,,,,,,,,,,,,,,,,,,,,11.54134464,7.93422222,10.30408859,19.00845528,16.25363731,16.79038239,14.79103279,14.33664703,15.47424793,16.58108902,16.4826355,16.34392738,20.50640488,20.31390381,21.17123222,19.79465866,20.12969589,13.3064661,13.16380501,17.79043007,,
Botswana,BWA,Out-of-pocket expenditure (% of current health expenditure),SH.XPD.OOPC.CH.ZS,,,,,,,,,,,,,,,,,,,,,,,,,,,,,,,,,,,,,,,,,10.98294926,9.72539616,9.0043726,9.0451889,8.88362789,8.82704067,8.28749943,6.77262259,5.81573677,5.42353058,4.99356318,4.57396078,4.2400465,3.78434443,3.71709538,3.57781768,3.30749416,2.99324226,3.08923078,3.1368885,,
Central African Republic,CAF,Out-of-pocket expenditure (% of current health expenditure),SH.XPD.OOPC.CH.ZS,,,,,,,,,,,,,,,,,,,,,,,,,,,,,,,,,,,,,,,,,47.03989029,53.50387192,49.51161957,51.4727478,54.85249329,53.23128128,52.94622803,50.60356903,58.59596252,49.31325912,62.27072906,60.70261002,58.31565094,47.28456879,50.2857933,48.77671432,55.20956039,56.41589355,41.67272568,60.31565094,,
Canada,CAN,Out-of-pocket expenditure (% of current health expenditure),SH.XPD.OOPC.CH.ZS,,,,,,,,,,,,,,,,,,,,,,,,,,,,,,,,,,,,,,,,,16.60520935,15.92599487,15.9083395,15.2514801,15.2878685,15.36829281,15.87159061,15.59513855,15.48501587,15.15418148,15.48852921,15.06602478,14.87091827,14.4959259,14.59731197,14.61075115,15.47061157,15.28027534,14.98915863,14.91467953,,
Central Europe and the Baltics,CEB,Out-of-pocket expenditure (% of current health expenditure),SH.XPD.OOPC.CH.ZS,,,,,,,,,,,,,,,,,,,,,,,,,,,,,,,,,,,,,,,,,23.89724465,23.82765354,22.39095379,22.05863685,23.96909949,22.91618946,22.98265555,23.1423622,22.40242375,22.37953846,22.35306037,22.93236557,23.4221304,22.25897117,21.86132887,22.28206704,22.29341706,22.28574537,20.81887589,20.65515576,,
Switzerland,CHE,Out-of-pocket expenditure (% of current health expenditure),SH.XPD.OOPC.CH.ZS,,,,,,,,,,,,,,,,,,,,,,,,,,,,,,,,,,,,,,,,,31.04061699,30.11981773,29.04967117,28.62252808,28.75733757,27.14404678,27.3494606,27.33333206,26.49786186,26.20129585,26.18807602,25.64536285,25.86537361,25.16288185,26.03660583,25.85814857,26.57211494,26.40589142,27.98195267,25.29318237,,
Channel Islands,CHI,Out-of-pocket expenditure (% of current health expenditure),SH.XPD.OOPC.CH.ZS,,,,,,,,,,,,,,,,,,,,,,,,,,,,,,,,,,,,,,,,,,,,,,,,,,,,,,,,,,,,,,
Chile,CHL,Out-of-pocket expenditure (% of current health expenditure),SH.XPD.OOPC.CH.ZS,,,,,,,,,,,,,,,,,,,,,,,,,,,,,,,,,,,,,,,,,42.81496811,42.61517334,42.48400497,42.76384735,41.84412003,42.47086716,40.74997711,39.18727493,37.43042755,34.58893967,34.46762848,34.49925995,33.40764236,33.63830948,34.26873016,34.50925827,34.75082779,33.30509567,33.24672699,32.80002594,,
China,CHN,Out-of-pocket expenditure (% of current health expenditure),SH.XPD.OOPC.CH.ZS,,,,,,,,,,,,,,,,,,,,,,,,,,,,,,,,,,,,,,,,,60.12533951,64.19143677,62.85082245,60.71776581,58.76867676,57.68999481,55.99118423,51.29121017,47.36824799,43.45622253,40.8000145,40.26554108,39.23458862,38.15951538,36.56483459,35.0892868,35.90618515,36.05040741,35.75065613,35.23001862,,
Cote d'Ivoire,CIV,Out-of-pocket expenditure (% of current health expenditure),SH.XPD.OOPC.CH.ZS,,,,,,,,,,,,,,,,,,,,,,,,,,,,,,,,,,,,,,,,,73.06517792,74.42910767,73.05618286,72.44623566,69.9956131,70.29633331,67.47200775,63.33766174,59.38002014,59.61569595,58.5125618,59.20729828,52.79811478,56.15932465,51.14342117,42.58926392,40.01249313,39.21524429,39.2853241,37.29367447,,
Cameroon,CMR,Out-of-pocket expenditure (% of current health expenditure),SH.XPD.OOPC.CH.ZS,,,,,,,,,,,,,,,,,,,,,,,,,,,,,,,,,,,,,,,,,77.52999878,73.32112122,70.23036957,71.61105347,73.96626282,74.42726135,74.43475342,75.05799866,74.26246643,76.83084869,76.05049133,69.66052246,66.84527588,69.72429657,64.30428314,69.85344696,69.83177185,75.82298279,75.13141632,72.53070068,,
"Congo, Dem. Rep.",COD,Out-of-pocket expenditure (% of current health expenditure),SH.XPD.OOPC.CH.ZS,,,,,,,,,,,,,,,,,,,,,,,,,,,,,,,,,,,,,,,,,51.08250427,70.11753082,69.01515961,66.52222443,70.73286438,68.51325989,67.86347961,63.5724144,49.80169678,45.38201523,37.0503006,38.82409668,40.27502823,39.43296814,38.71640396,37.42670822,37.29187393,40.12472153,41.61064148,38.49700546,,
"Congo, Rep.",COG,Out-of-pocket expenditure (% of current health expenditure),SH.XPD.OOPC.CH.ZS,,,,,,,,,,,,,,,,,,,,,,,,,,,,,,,,,,,,,,,,,52.6997261,45.78503036,61.4227066,61.43461609,55.60840225,51.97861099,48.68206787,49.15676117,37.850811,50.37176132,42.15446854,41.09134674,29.73799133,30.65258598,31.18631554,32.46011734,44.25678253,45.59012222,50.25749969,45.86199188,,
Colombia,COL,Out-of-pocket expenditure (% of current health expenditure),SH.XPD.OOPC.CH.ZS,,,,,,,,,,,,,,,,,,,,,,,,,,,,,,,,,,,,,,,,,13.69103336,13.39813805,11.48960781,8.60398102,13.75858498,16.40795898,17.93336868,19.24852371,20.85273552,18.01454735,17.00355721,15.31575489,17.85855293,17.15289879,16.27700996,15.40105057,15.61221027,15.36301041,15.1307478,14.85696125,,
Comoros,COM,Out-of-pocket expenditure (% of current health expenditure),SH.XPD.OOPC.CH.ZS,,,,,,,,,,,,,,,,,,,,,,,,,,,,,,,,,,,,,,,,,79.78871155,81.36223602,76.27454376,73.18701935,73.07665253,76.22219849,79.53158569,81.81255341,83.37431335,84.12468719,80.46083069,64.04379272,67.95716095,68.12345886,65.59693909,74.98791504,71.26644897,63.84444427,67.25509644,61.82796478,,
Cabo Verde,CPV,Out-of-pocket expenditure (% of current health expenditure),SH.XPD.OOPC.CH.ZS,,,,,,,,,,,,,,,,,,,,,,,,,,,,,,,,,,,,,,,,,25.2591877,23.3310833,23.52381516,24.17235374,23.83398628,24.59075546,23.7995739,22.91623116,24.45173645,24.22961617,28.08193207,25.89292908,24.56819153,24.25014496,25.69905281,27.74928474,28.69294357,27.38742447,27.20525551,24.94076729,,
Costa Rica,CRI,Out-of-pocket expenditure (% of current health expenditure),SH.XPD.OOPC.CH.ZS,,,,,,,,,,,,,,,,,,,,,,,,,,,,,,,,,,,,,,,,,31.57487297,31.63286781,30.69062233,30.76501274,32.05981445,32.77381516,31.0769558,30.91247177,29.51094818,26.40225029,25.38431358,25.78322983,24.5027504,23.22566605,24.41330528,22.59923172,22.20295143,21.25539017,22.4164238,22.32456398,,
Caribbean small states,CSS,Out-of-pocket expenditure (% of current health expenditure),SH.XPD.OOPC.CH.ZS,,,,,,,,,,,,,,,,,,,,,,,,,,,,,,,,,,,,,,,,,37.21030444,39.37198767,36.45219235,37.78080097,37.03800962,36.27306249,37.01364179,37.73445044,36.73052677,35.42691288,35.41932354,35.27870207,35.2845189,34.67111859,34.95347126,33.48547154,33.79483337,31.75530129,33.4039644,33.31262784,,
Cuba,CUB,Out-of-pocket expenditure (% of current health expenditure),SH.XPD.OOPC.CH.ZS,,,,,,,,,,,,,,,,,,,,,,,,,,,,,,,,,,,,,,,,,16.22938156,18.70623779,19.3773613,20.32512474,19.59809303,14.84367561,14.26366234,9.78314972,8.83751297,8.0996418,9.18197155,10.81637955,13.13097286,12.27119064,9.63887691,9.62183094,10.28543472,10.48266411,11.00801563,10.5857048,,
Curacao,CUW,Out-of-pocket expenditure (% of current health expenditure),SH.XPD.OOPC.CH.ZS,,,,,,,,,,,,,,,,,,,,,,,,,,,,,,,,,,,,,,,,,,,,,,,,,,,,,,,,,,,,,,
Cayman Islands,CYM,Out-of-pocket expenditure (% of current health expenditure),SH.XPD.OOPC.CH.ZS,,,,,,,,,,,,,,,,,,,,,,,,,,,,,,,,,,,,,,,,,,,,,,,,,,,,,,,,,,,,,,
Cyprus,CYP,Out-of-pocket expenditure (% of current health expenditure),SH.XPD.OOPC.CH.ZS,,,,,,,,,,,,,,,,,,,,,,,,,,,,,,,,,,,,,,,,,55.9019165,55.2161293,52.7716217,47.65464783,49.88217926,49.8321991,48.32824707,48.79761505,51.40008163,49.92380524,43.10596848,41.37463379,42.37166214,42.59913254,45.11098099,43.48733139,44.43132782,44.4068718,43.59209061,30.56826973,,
Czech Republic,CZE,Out-of-pocket expenditure (% of current health expenditure),SH.XPD.OOPC.CH.ZS,,,,,,,,,,,,,,,,,,,,,,,,,,,,,,,,,,,,,,,,,10.1975069,10.64326572,10.00170326,10.36722469,10.70501423,11.09285164,11.64602375,13.63102531,16.13297081,15.05053902,15.25087547,15.02145863,15.29148865,13.58585358,14.08199215,14.82839394,15.02381229,14.80910015,14.1906004,14.15002537,,
Germany,DEU,Out-of-pocket expenditure (% of current health expenditure),SH.XPD.OOPC.CH.ZS,,,,,,,,,,,,,,,,,,,,,,,,,,,,,,,,,,,,,,,,,12.28860092,12.28204536,12.57544136,12.8403635,14.02402973,14.12018967,14.50665569,14.41223431,14.11650181,13.89385128,13.96032143,14.00434685,14.16992569,13.30989647,13.00081444,13.08271122,12.98550797,12.77696037,12.83897305,12.81640053,,
Djibouti,DJI,Out-of-pocket expenditure (% of current health expenditure),SH.XPD.OOPC.CH.ZS,,,,,,,,,,,,,,,,,,,,,,,,,,,,,,,,,,,,,,,,,51.33246613,54.73034286,42.81143951,36.94394684,41.30123901,41.67882919,37.76251602,35.84453583,31.6133194,30.16868782,29.03930855,24.22880554,22.94796562,24.05808449,22.65952682,20.54255676,23.17866516,26.1577282,29.10498428,24.15331268,,
Dominica,DMA,Out-of-pocket expenditure (% of current health expenditure),SH.XPD.OOPC.CH.ZS,,,,,,,,,,,,,,,,,,,,,,,,,,,,,,,,,,,,,,,,,33.02465439,41.1445694,41.70457077,40.0802536,40.67153931,40.02454758,39.92842484,42.96026993,44.35027695,42.24050522,38.80086899,36.78412628,35.47105789,35.36190796,35.74480057,34.0546875,32.22554016,28.55779266,30.91319275,33.85964203,,
Denmark,DNK,Out-of-pocket expenditure (% of current health expenditure),SH.XPD.OOPC.CH.ZS,,,,,,,,,,,,,,,,,,,,,,,,,,,,,,,,,,,,,,,,,15.35643196,15.11594772,14.72838497,14.55719471,14.87114143,14.70920753,14.52643013,14.56182575,14.11779785,13.68460464,14.38571072,14.55076981,14.15905666,13.81008339,13.77454948,13.67476749,13.71236897,13.73846245,13.76510525,14.1692524,,
Dominican Republic,DOM,Out-of-pocket expenditure (% of current health expenditure),SH.XPD.OOPC.CH.ZS,,,,,,,,,,,,,,,,,,,,,,,,,,,,,,,,,,,,,,,,,55.32014465,54.50362015,53.45066833,61.65138626,62.25312424,53.8765564,54.74832535,47.68967819,43.60145569,42.82118988,43.91680527,42.44412994,42.86167908,42.18322372,42.48417664,42.85131073,44.61641312,44.73819733,44.74538422,42.94845581,,
Algeria,DZA,Out-of-pocket expenditure (% of current health expenditure),SH.XPD.OOPC.CH.ZS,,,,,,,,,,,,,,,,,,,,,,,,,,,,,,,,,,,,,,,,,25.79451561,21.6685257,22.52488327,21.14863777,26.09432602,28.09361267,29.12136078,28.08858109,26.1469574,27.44950676,28.88244438,27.87346458,25.71590805,27.56197739,26.6584549,28.20833969,30.88360786,32.53519058,32.62851715,33.4437561,,
East Asia & Pacific (excluding high income),EAP,Out-of-pocket expenditure (% of current health expenditure),SH.XPD.OOPC.CH.ZS,,,,,,,,,,,,,,,,,,,,,,,,,,,,,,,,,,,,,,,,,55.85870265,58.6937336,57.92165139,56.05825916,54.57974251,54.5687196,52.42700467,48.47789944,45.7079101,42.69558614,41.36724673,40.76855979,39.74519664,38.60279409,36.78749717,35.49311945,36.0445938,36.04778867,35.71823959,35.14402489,,
Early-demographic dividend,EAR,Out-of-pocket expenditure (% of current health expenditure),SH.XPD.OOPC.CH.ZS,,,,,,,,,,,,,,,,,,,,,,,,,,,,,,,,,,,,,,,,,42.5959896,44.01414468,45.65566261,44.26835936,43.22263648,44.56394067,42.95056228,42.54751426,41.46571784,39.90515623,40.09775532,38.64040102,37.84006436,38.31651424,36.97950176,36.92851459,37.67031704,34.838926,35.18523086,35.81793031,,
East Asia & Pacific,EAS,Out-of-pocket expenditure (% of current health expenditure),SH.XPD.OOPC.CH.ZS,,,,,,,,,,,,,,,,,,,,,,,,,,,,,,,,,,,,,,,,,23.50937707,24.46864383,25.23733036,25.6426576,25.27759168,25.61621179,26.676755,26.10424505,25.95928041,25.06827012,24.68944643,23.69063728,24.12059833,25.27005443,25.36188257,25.63651312,25.40424538,25.81577944,26.25012764,25.84695201,,
Europe & Central Asia (excluding high income),ECA,Out-of-pocket expenditure (% of current health expenditure),SH.XPD.OOPC.CH.ZS,,,,,,,,,,,,,,,,,,,,,,,,,,,,,,,,,,,,,,,,,33.12164527,32.32925396,31.09886434,31.11846606,32.08306178,32.0117251,31.48150917,31.51857373,30.60165933,30.86810369,32.3197316,32.46434122,32.27113081,33.55187496,34.02376259,35.40494562,35.97824209,36.94926574,36.47130129,35.51567051,,
Europe & Central Asia,ECS,Out-of-pocket expenditure (% of current health expenditure),SH.XPD.OOPC.CH.ZS,,,,,,,,,,,,,,,,,,,,,,,,,,,,,,,,,,,,,,,,,17.25126553,17.10893683,16.91560218,16.79243296,16.98386602,16.77581859,16.99899569,17.30823637,17.26074941,16.72175106,17.13614469,17.41790241,17.73318783,17.93773942,17.80315828,17.80149035,17.71145272,17.96410293,17.7998389,17.61840292,,
Ecuador,ECU,Out-of-pocket expenditure (% of current health expenditure),SH.XPD.OOPC.CH.ZS,,,,,,,,,,,,,,,,,,,,,,,,,,,,,,,,,,,,,,,,,63.58324814,60.97737122,62.64143753,62.05472183,60.87601089,62.83395386,60.95615768,55.38709259,54.79512024,52.01762772,47.34990692,46.44909286,43.17629242,38.03084564,33.16307831,36.26529312,33.14676285,32.42952347,30.46494484,30.87841606,,
"Egypt, Arab Rep.",EGY,Out-of-pocket expenditure (% of current health expenditure),SH.XPD.OOPC.CH.ZS,,,,,,,,,,,,,,,,,,,,,,,,,,,,,,,,,,,,,,,,,62.48934937,63.8256073,63.76679611,65.40507507,64.55256653,64.58325958,60.41719818,60.32749557,61.82380295,60.43681335,62.62810135,60.49510193,60.88405991,57.93513489,55.12137604,59.45430374,58.99695206,56.39825439,62.26116943,62.74811172,,
Euro area,EMU,Out-of-pocket expenditure (% of current health expenditure),SH.XPD.OOPC.CH.ZS,,,,,,,,,,,,,,,,,,,,,,,,,,,,,,,,,,,,,,,,,15.46043359,15.19515201,15.18500496,15.2822593,15.58891771,15.46733388,15.84464809,15.7884815,15.86711141,15.38720272,15.49938188,15.76181558,15.87904656,15.77296796,15.69879034,15.72783864,15.52934737,15.57853093,15.47667244,15.28079839,,
Eritrea,ERI,Out-of-pocket expenditure (% of current health expenditure),SH.XPD.OOPC.CH.ZS,,,,,,,,,,,,,,,,,,,,,,,,,,,,,,,,,,,,,,,,,63.7679863,55.92798615,46.02207947,38.93305588,35.13972092,35.23889923,34.45084,44.09305573,33.42353821,46.11646652,49.40819168,37.06453323,52.96609879,49.11730957,52.64690399,42.14125824,56.4591713,40.93974686,48.89565277,43.19562912,,
Spain,ESP,Out-of-pocket expenditure (% of current health expenditure),SH.XPD.OOPC.CH.ZS,,,,,,,,,,,,,,,,,,,,,,,,,,,,,,,,,,,,,,,,,24.32431793,24.85228539,24.59955215,22.45524597,22.15660858,21.76430702,21.02454376,20.73386765,20.64165306,19.01792145,20.29104424,20.39059639,21.80673027,22.7735405,23.13562775,22.29759407,21.95866776,22.22771263,22.25346565,21.81145477,,
Estonia,EST,Out-of-pocket expenditure (% of current health expenditure),SH.XPD.OOPC.CH.ZS,,,,,,,,,,,,,,,,,,,,,,,,,,,,,,,,,,,,,,,,,20.3646183,19.24532318,20.55887222,20.5128212,22.39760399,22.63690186,23.16620255,22.6505146,20.72413445,20.33495522,21.91824913,21.55589867,21.51741219,22.60502815,22.62244415,22.78413773,22.72888374,24.87693596,24.64048767,24.04536819,,
Ethiopia,ETH,Out-of-pocket expenditure (% of current health expenditure),SH.XPD.OOPC.CH.ZS,,,,,,,,,,,,,,,,,,,,,,,,,,,,,,,,,,,,,,,,,35.95730209,34.5539856,37.46262741,34.4589386,34.86631393,31.3402977,38.77532959,36.99623489,38.47733307,41.53925705,42.29020691,46.53787994,42.16745377,42.40406799,38.47408676,36.74348068,35.43159103,34.40161514,35.44364929,37.87532043,,
European Union,EUU,Out-of-pocket expenditure (% of current health expenditure),SH.XPD.OOPC.CH.ZS,,,,,,,,,,,,,,,,,,,,,,,,,,,,,,,,,,,,,,,,,15.73148496,15.58707533,15.51471828,15.56264356,15.92911984,15.7973494,16.13910104,16.10946318,16.19375553,15.71611638,15.84856667,16.05220354,16.17113416,16.00565139,15.93612954,15.98421459,15.79310038,15.8330049,15.66028693,15.50069663,,
Fragile and conflict affected situations,FCS,Out-of-pocket expenditure (% of current health expenditure),SH.XPD.OOPC.CH.ZS,,,,,,,,,,,,,,,,,,,,,,,,,,,,,,,,,,,,,,,,,49.56313448,48.50976209,50.28752787,52.73275804,47.8943814,49.77875874,46.59283653,47.29499659,49.95100301,48.8319308,49.40267599,49.17370732,49.78998701,52.1920882,51.61117731,51.92240312,54.49786782,53.33511414,49.19373396,50.15035727,,
Finland,FIN,Out-of-pocket expenditure (% of current health expenditure),SH.XPD.OOPC.CH.ZS,,,,,,,,,,,,,,,,,,,,,,,,,,,,,,,,,,,,,,,,,21.62706375,21.2191143,20.74457169,20.33722687,19.85958481,19.57610703,18.81658745,18.99827766,18.57298851,18.31736946,18.80395508,18.1520462,17.46195984,17.79447365,17.63744736,18.62889481,19.27291298,19.04596901,18.43068314,17.44896507,,
Fiji,FJI,Out-of-pocket expenditure (% of current health expenditure),SH.XPD.OOPC.CH.ZS,,,,,,,,,,,,,,,,,,,,,,,,,,,,,,,,,,,,,,,,,10.83726692,13.17821121,12.31893635,12.85472965,12.95536804,12.08774853,14.34637165,15.58711243,16.50561333,24.58940125,22.37072372,25.31678772,24.78924751,22.54663658,19.89637375,21.02604485,20.63828468,15.59424877,14.43851471,13.19460297,,
France,FRA,Out-of-pocket expenditure (% of current health expenditure),SH.XPD.OOPC.CH.ZS,,,,,,,,,,,,,,,,,,,,,,,,,,,,,,,,,,,,,,,,,7.27349663,7.33573961,7.13796902,7.37661886,7.24623203,7.36894703,9.35880566,9.5284071,10.02973175,10.16679668,10.23503113,10.23994064,10.11996078,9.9480238,9.86985874,9.71686268,9.57648277,9.58603287,9.31658268,9.26107979,,
Faroe Islands,FRO,Out-of-pocket expenditure (% of current health expenditure),SH.XPD.OOPC.CH.ZS,,,,,,,,,,,,,,,,,,,,,,,,,,,,,,,,,,,,,,,,,,,,,,,,,,,,,,,,,,,,,,
"Micronesia, Fed. Sts.",FSM,Out-of-pocket expenditure (% of current health expenditure),SH.XPD.OOPC.CH.ZS,,,,,,,,,,,,,,,,,,,,,,,,,,,,,,,,,,,,,,,,,4.81945515,4.81115913,5.41147709,4.89492893,4.35161018,3.20276237,5.0308609,4.46636295,4.09926939,3.7497375,3.23353195,3.02521944,2.88498688,3.01830077,2.70261526,2.57752919,2.44561481,2.64813352,2.79763508,2.86158395,,
Gabon,GAB,Out-of-pocket expenditure (% of current health expenditure),SH.XPD.OOPC.CH.ZS,,,,,,,,,,,,,,,,,,,,,,,,,,,,,,,,,,,,,,,,,53.13007736,50.79983521,54.06824875,50.09150696,49.94593811,52.13557053,51.14926529,50.51585007,51.96376038,50.63160706,25.50564766,27.73152924,28.00476265,28.59301949,28.12981033,25.90465927,22.55089188,25.15639114,23.11415291,23.08802223,,
United Kingdom,GBR,Out-of-pocket expenditure (% of current health expenditure),SH.XPD.OOPC.CH.ZS,,,,,,,,,,,,,,,,,,,,,,,,,,,,,,,,,,,,,,,,,17.71292305,17.89385605,17.2661705,16.50909996,15.21292496,13.94338036,13.29072762,14.99859238,13.78874207,12.93808937,13.5945406,13.84098721,14.55786991,15.97152615,15.92839622,16.08235931,16.28810692,16.73583412,16.99979401,17.0736084,,
Georgia,GEO,Out-of-pocket expenditure (% of current health expenditure),SH.XPD.OOPC.CH.ZS,,,,,,,,,,,,,,,,,,,,,,,,,,,,,,,,,,,,,,,,,80.98434448,76.43830109,77.12854767,79.20792389,79.43696594,79.585495,77.264328,75.67359924,66.54589081,68.90898895,72.72727203,75.61214447,73.43678284,69.07719421,65.97560883,57.32433701,55.51872253,54.76190567,47.668293,46.7677536,,
Ghana,GHA,Out-of-pocket expenditure (% of current health expenditure),SH.XPD.OOPC.CH.ZS,,,,,,,,,,,,,,,,,,,,,,,,,,,,,,,,,,,,,,,,,52.61004639,46.82097626,54.18444443,51.08755875,48.0092392,37.12929916,38.80700302,38.46903229,37.03024292,31.04846764,27.59669113,36.0552597,38.31507111,38.87570953,45.05064011,35.80306244,37.82372665,41.41496277,37.41540146,36.21754074,,
Gibraltar,GIB,Out-of-pocket expenditure (% of current health expenditure),SH.XPD.OOPC.CH.ZS,,,,,,,,,,,,,,,,,,,,,,,,,,,,,,,,,,,,,,,,,,,,,,,,,,,,,,,,,,,,,,
Guinea,GIN,Out-of-pocket expenditure (% of current health expenditure),SH.XPD.OOPC.CH.ZS,,,,,,,,,,,,,,,,,,,,,,,,,,,,,,,,,,,,,,,,,65.30890656,63.35536957,59.350914,62.46360397,69.42303467,70.01263428,70.89978027,71.55970001,71.02264404,72.58367157,69.3017807,59.98564529,62.39929199,61.90598679,58.35925293,49.35240555,49.76166534,64.59755707,67.11582184,59.2154274,,
"Gambia, The",GMB,Out-of-pocket expenditure (% of current health expenditure),SH.XPD.OOPC.CH.ZS,,,,,,,,,,,,,,,,,,,,,,,,,,,,,,,,,,,,,,,,,13.03652668,12.56606102,12.90420151,11.15263367,9.63163757,10.81928349,11.44450569,13.15346241,14.01054001,14.64879799,14.59445667,15.27800846,16.07408905,20.90031433,18.39401627,23.41558647,26.46254921,21.58429718,18.53186417,23.19362068,,
Guinea-Bissau,GNB,Out-of-pocket expenditure (% of current health expenditure),SH.XPD.OOPC.CH.ZS,,,,,,,,,,,,,,,,,,,,,,,,,,,,,,,,,,,,,,,,,37.7070694,39.05767059,38.16792297,34.2653923,30.77356148,33.1499939,35.78895187,32.46192169,36.21334839,35.17737579,37.38385773,35.82422256,58.70549011,64.34075165,55.38849258,66.92208862,64.58337402,68.41368103,63.9081955,65.15560913,,
Equatorial Guinea,GNQ,Out-of-pocket expenditure (% of current health expenditure),SH.XPD.OOPC.CH.ZS,,,,,,,,,,,,,,,,,,,,,,,,,,,,,,,,,,,,,,,,,78.13352203,78.08621216,84.18209839,82.55202484,82.29071045,77.64415741,71.87648773,70.78606415,76.72663879,57.76092911,66.19495392,64.34412384,48.65615463,71.66548157,74.48124695,77.14692688,74.36142731,75.43041992,75.11008453,75.46520996,,
Greece,GRC,Out-of-pocket expenditure (% of current health expenditure),SH.XPD.OOPC.CH.ZS,,,,,,,,,,,,,,,,,,,,,,,,,,,,,,,,,,,,,,,,,36.2721138,34.7783165,37.3801918,37.89956284,38.96111679,36.87524414,36.0451088,34.22337723,32.20823288,29.50299454,28.25885201,31.15847778,30.44895744,34.07709122,37.09871674,36.76317215,34.88587189,35.08441162,36.77733994,35.17697144,,
Grenada,GRD,Out-of-pocket expenditure (% of current health expenditure),SH.XPD.OOPC.CH.ZS,,,,,,,,,,,,,,,,,,,,,,,,,,,,,,,,,,,,,,,,,59.30252838,56.11627197,50.98685074,53.70714188,47.22589493,48.5816803,52.81490707,55.36963272,55.20097733,54.57839966,56.57120895,54.27904892,54.76434708,55.12482071,51.89144516,53.97851944,55.74351501,55.11003113,54.91055298,54.42095566,,
Greenland,GRL,Out-of-pocket expenditure (% of current health expenditure),SH.XPD.OOPC.CH.ZS,,,,,,,,,,,,,,,,,,,,,,,,,,,,,,,,,,,,,,,,,,,,,,,,,,,,,,,,,,,,,,
Guatemala,GTM,Out-of-pocket expenditure (% of current health expenditure),SH.XPD.OOPC.CH.ZS,,,,,,,,,,,,,,,,,,,,,,,,,,,,,,,,,,,,,,,,,58.98999023,62.31534576,62.11329651,61.62329483,60.03531647,62.47687912,61.51553345,61.62371063,59.04833603,56.9231987,58.94914246,58.8792038,58.31991959,54.61948013,55.55548096,55.72278595,56.06058884,54.13410568,57.50035477,55.9891777,,
Guam,GUM,Out-of-pocket expenditure (% of current health expenditure),SH.XPD.OOPC.CH.ZS,,,,,,,,,,,,,,,,,,,,,,,,,,,,,,,,,,,,,,,,,,,,,,,,,,,,,,,,,,,,,,
Guyana,GUY,Out-of-pocket expenditure (% of current health expenditure),SH.XPD.OOPC.CH.ZS,,,,,,,,,,,,,,,,,,,,,,,,,,,,,,,,,,,,,,,,,40.24978256,42.25862503,40.30484009,38.46101379,37.14529419,35.11706161,35.29148102,32.98963165,35.32624817,32.84931946,34.74687195,34.81385803,38.8962822,37.95722198,35.95363998,33.71472168,29.93546677,28.84054756,33.73039627,34.83069611,,
High income,HIC,Out-of-pocket expenditure (% of current health expenditure),SH.XPD.OOPC.CH.ZS,,,,,,,,,,,,,,,,,,,,,,,,,,,,,,,,,,,,,,,,,16.21609812,15.70567847,15.60123768,15.5878465,15.5413792,15.33551108,15.33573893,15.34005585,15.19706482,14.56115974,14.51974606,14.43622124,14.44582972,14.43236592,14.27779224,14.05860073,13.9621415,13.84284544,13.83639839,13.63031877,,
"Hong Kong SAR, China",HKG,Out-of-pocket expenditure (% of current health expenditure),SH.XPD.OOPC.CH.ZS,,,,,,,,,,,,,,,,,,,,,,,,,,,,,,,,,,,,,,,,,,,,,,,,,,,,,,,,,,,,,,
Honduras,HND,Out-of-pocket expenditure (% of current health expenditure),SH.XPD.OOPC.CH.ZS,,,,,,,,,,,,,,,,,,,,,,,,,,,,,,,,,,,,,,,,,45.94881821,52.52028275,51.85142136,48.32307053,50.05726242,49.06471634,49.86248779,49.799366,51.41562271,44.90908813,46.26252747,45.79560852,49.86003494,49.25833511,48.68778229,50.66353607,49.88451767,49.82243347,52.30599594,52.60909653,,
Heavily indebted poor countries (HIPC),HPC,Out-of-pocket expenditure (% of current health expenditure),SH.XPD.OOPC.CH.ZS,,,,,,,,,,,,,,,,,,,,,,,,,,,,,,,,,,,,,,,,,51.83344271,51.73656935,53.67565943,52.30155763,51.06569254,48.56808289,48.04827811,48.89607912,48.66613362,45.42376226,45.33601146,45.16341602,43.99756675,45.57036057,43.6505483,43.35736517,44.80018065,46.085346,41.1903936,41.31115498,,
Croatia,HRV,Out-of-pocket expenditure (% of current health expenditure),SH.XPD.OOPC.CH.ZS,,,,,,,,,,,,,,,,,,,,,,,,,,,,,,,,,,,,,,,,,13.86125278,14.38989353,18.63236237,16.64276314,18.12159729,13.39059639,13.31465816,12.39423561,14.51390839,13.74662781,13.95677757,12.0521698,11.47245121,8.83127689,11.27528286,10.94434547,10.97398281,10.96659565,10.47844696,11.4647665,,
Haiti,HTI,Out-of-pocket expenditure (% of current health expenditure),SH.XPD.OOPC.CH.ZS,,,,,,,,,,,,,,,,,,,,,,,,,,,,,,,,,,,,,,,,,44.37343597,45.20529938,48.17779922,48.05615997,46.48625946,46.01601791,43.06276703,40.12002182,38.57956314,39.27423859,33.30967331,26.08627701,28.43981743,36.24164581,31.01531219,33.9648819,35.29019165,39.94205093,44.34651566,43.29529953,,
Hungary,HUN,Out-of-pocket expenditure (% of current health expenditure),SH.XPD.OOPC.CH.ZS,,,,,,,,,,,,,,,,,,,,,,,,,,,,,,,,,,,,,,,,,27.36366653,28.86576271,27.56357765,26.39414024,25.87196732,25.80142593,25.04640579,27.01435471,26.95135117,26.26888084,27.44554901,28.24357224,29.39691925,28.38487625,28.36090851,27.48835373,27.6894207,27.37048912,26.42871666,28.15956116,,
IBRD only,IBD,Out-of-pocket expenditure (% of current health expenditure),SH.XPD.OOPC.CH.ZS,,,,,,,,,,,,,,,,,,,,,,,,,,,,,,,,,,,,,,,,,43.44206844,45.03886036,45.56423597,44.39258872,43.41385711,43.2841443,41.52076559,39.86205785,38.15627003,37.4478454,36.68218157,36.0977104,36.00338933,35.87174336,35.03019979,34.52321954,35.08223704,34.05026282,33.99409397,33.86495654,,
IDA & IBRD total,IBT,Out-of-pocket expenditure (% of current health expenditure),SH.XPD.OOPC.CH.ZS,,,,,,,,,,,,,,,,,,,,,,,,,,,,,,,,,,,,,,,,,44.09471922,45.57158836,46.13547798,45.29857986,44.2083935,44.08738359,42.53877015,40.92810432,39.28025016,38.48058094,37.72192133,37.09812647,36.95386657,36.86738456,36.07169936,35.66185402,36.16016077,35.12897036,34.86377814,34.70746958,,
IDA total,IDA,Out-of-pocket expenditure (% of current health expenditure),SH.XPD.OOPC.CH.ZS,,,,,,,,,,,,,,,,,,,,,,,,,,,,,,,,,,,,,,,,,55.77593624,55.39093054,55.66339455,58.77286724,56.25082008,56.3398393,57.66915972,57.50839748,57.76055466,55.93278597,55.95176108,55.46747524,54.53140787,55.04645656,54.37607747,54.79609065,54.76527013,55.28283195,52.63851321,52.0173153,,
IDA blend,IDB,Out-of-pocket expenditure (% of current health expenditure),SH.XPD.OOPC.CH.ZS,,,,,,,,,,,,,,,,,,,,,,,,,,,,,,,,,,,,,,,,,58.93044897,58.15707051,57.60068121,65.9373263,61.70440523,63.76322153,67.22006045,65.63642988,66.080933,66.00307736,64.83028098,63.58585014,61.28982604,60.53939704,59.86951829,60.36080887,60.10820664,60.73702449,57.67819293,55.49141288,,
Indonesia,IDN,Out-of-pocket expenditure (% of current health expenditure),SH.XPD.OOPC.CH.ZS,,,,,,,,,,,,,,,,,,,,,,,,,,,,,,,,,,,,,,,,,45.19502258,40.49210739,46.37796402,46.01685333,45.9106369,55.3282814,53.37504196,49.54561996,49.36756897,49.22135544,60.58386612,56.22341537,53.61792374,50.89987946,45.24728775,43.04529953,38.51763916,36.59593964,35.64099503,34.76155853,,
IDA only,IDX,Out-of-pocket expenditure (% of current health expenditure),SH.XPD.OOPC.CH.ZS,,,,,,,,,,,,,,,,,,,,,,,,,,,,,,,,,,,,,,,,,53.76593419,53.67638253,54.55498604,53.57282384,52.3741587,50.69039753,49.93737846,51.28019195,51.6221338,49.38565612,49.6404932,49.72355533,49.38819038,50.65870895,49.88091136,50.54356007,50.79780272,51.63685124,49.09813794,49.53705124,,
Isle of Man,IMN,Out-of-pocket expenditure (% of current health expenditure),SH.XPD.OOPC.CH.ZS,,,,,,,,,,,,,,,,,,,,,,,,,,,,,,,,,,,,,,,,,,,,,,,,,,,,,,,,,,,,,,
India,IND,Out-of-pocket expenditure (% of current health expenditure),SH.XPD.OOPC.CH.ZS,,,,,,,,,,,,,,,,,,,,,,,,,,,,,,,,,,,,,,,,,71.70202637,74.1062088,73.3739624,73.42475128,72.48266602,73.14936829,72.25708008,70.81672668,69.14794159,66.75775146,65.18476868,62.22489929,63.00013733,69.07303619,67.01399994,64.66441345,63.20620346,55.11247635,55.32062149,54.78163528,,
Not classified,INX,Out-of-pocket expenditure (% of current health expenditure),SH.XPD.OOPC.CH.ZS,,,,,,,,,,,,,,,,,,,,,,,,,,,,,,,,,,,,,,,,,,,,,,,,,,,,,,,,,,,,,,
Ireland,IRL,Out-of-pocket expenditure (% of current health expenditure),SH.XPD.OOPC.CH.ZS,,,,,,,,,,,,,,,,,,,,,,,,,,,,,,,,,,,,,,,,,12.11709023,10.64706802,10.46707439,13.14827919,12.21867085,13.55300426,13.92956257,11.57123661,11.86308861,12.70052814,13.79563618,13.89269829,13.89555645,14.29011631,14.30979824,13.21329498,12.79483604,12.60849857,12.02261448,11.71556568,,
"Iran, Islamic Rep.",IRN,Out-of-pocket expenditure (% of current health expenditure),SH.XPD.OOPC.CH.ZS,,,,,,,,,,,,,,,,,,,,,,,,,,,,,,,,,,,,,,,,,59.60016251,59.24902725,54.74597931,54.06885147,56.55964661,56.094944,51.6879921,53.21485901,55.47851181,56.02761078,59.39722061,57.52153397,54.96147156,51.06695175,42.19446945,41.08757401,42.29375076,41.47780228,35.82835388,39.49374771,,
Iraq,IRQ,Out-of-pocket expenditure (% of current health expenditure),SH.XPD.OOPC.CH.ZS,,,,,,,,,,,,,,,,,,,,,,,,,,,,,,,,,,,,,,,,,,,,54.64028168,29.05013847,30.24328613,33.54541779,30.57961464,21.52830505,22.39090729,26.10435104,25.13509369,61.73806763,58.34977722,61.83715057,76.46997833,79.13249969,58.04329681,51.35219574,50.09696579,,
Iceland,ISL,Out-of-pocket expenditure (% of current health expenditure),SH.XPD.OOPC.CH.ZS,,,,,,,,,,,,,,,,,,,,,,,,,,,,,,,,,,,,,,,,,19.42706871,19.47368622,18.56656265,17.38764763,17.70444489,17.58861542,16.94632339,16.47036171,16.27143288,16.87479401,18.66119576,18.50313759,18.56773567,18.25614738,17.98027229,17.64087296,16.86781883,16.35491562,15.86079311,15.46228123,,
Israel,ISR,Out-of-pocket expenditure (% of current health expenditure),SH.XPD.OOPC.CH.ZS,,,,,,,,,,,,,,,,,,,,,,,,,,,,,,,,,,,,,,,,,29.48983002,30.33019829,27.84285927,28.62854576,28.72549057,30.24324989,25.72410393,26.66324425,25.34703064,25.41890717,23.8116951,23.75934219,23.40835571,22.65417099,23.01003265,22.50102615,22.82260704,22.43102837,21.44803429,20.97997284,,
Italy,ITA,Out-of-pocket expenditure (% of current health expenditure),SH.XPD.OOPC.CH.ZS,,,,,,,,,,,,,,,,,,,,,,,,,,,,,,,,,,,,,,,,,26.46448326,24.47650909,24.12543297,23.71894646,22.8326416,21.60582542,21.31744385,21.51615524,21.33932495,20.66364479,20.54892731,22.02690315,22.0843029,22.22630501,22.53996468,23.46654129,23.32339859,23.80604744,23.56703568,23.31480408,,
Jamaica,JAM,Out-of-pocket expenditure (% of current health expenditure),SH.XPD.OOPC.CH.ZS,,,,,,,,,,,,,,,,,,,,,,,,,,,,,,,,,,,,,,,,,29.62966537,38.41692352,26.94148636,34.57055664,27.55827904,29.14250755,28.93594742,31.1552906,30.17660332,22.96499443,23.48548317,22.03825569,21.75101471,19.47788811,21.41138077,18.97229195,17.93026733,16.75218964,16.77556801,16.43760681,,
Jordan,JOR,Out-of-pocket expenditure (% of current health expenditure),SH.XPD.OOPC.CH.ZS,,,,,,,,,,,,,,,,,,,,,,,,,,,,,,,,,,,,,,,,,39.10034561,38.47376633,39.48170853,42.03338242,40.68493271,40.07585526,39.1860466,36.04766846,31.9413929,22.71313095,21.85514641,20.90163994,21.58314323,22.13348579,20.89077377,29.3695755,30.62363243,30.42742538,31.21254349,30.28982544,,
Japan,JPN,Out-of-pocket expenditure (% of current health expenditure),SH.XPD.OOPC.CH.ZS,,,,,,,,,,,,,,,,,,,,,,,,,,,,,,,,,,,,,,,,,15.91636372,15.78570175,15.978508,16.88677597,16.58894539,15.67343521,16.42206764,15.51505756,15.23826599,15.15913296,14.57036018,13.12178421,12.9723444,12.70128059,12.8696804,12.94767094,12.85439873,12.65492725,12.99456787,12.90735722,,
Kazakhstan,KAZ,Out-of-pocket expenditure (% of current health expenditure),SH.XPD.OOPC.CH.ZS,,,,,,,,,,,,,,,,,,,,,,,,,,,,,,,,,,,,,,,,,48.51059723,42.71318054,45.89502335,44.54809952,41.03981018,34.4123497,31.08116722,32.7742424,24.47266579,22.9131546,27.2958374,24.59804726,27.82034302,25.9552784,23.80191422,32.09503555,35.67286301,33.1439209,33.47025299,33.86382675,,
Kenya,KEN,Out-of-pocket expenditure (% of current health expenditure),SH.XPD.OOPC.CH.ZS,,,,,,,,,,,,,,,,,,,,,,,,,,,,,,,,,,,,,,,,,47.11627579,46.46233749,44.33084106,45.01105881,44.2074852,44.95913696,38.43079376,35.76912689,33.46188736,31.50622559,30.17857361,30.96613503,31.60435486,32.1320343,29.22180367,26.89801407,24.99973106,23.28059959,23.36505699,24.29976273,,
Kyrgyz Republic,KGZ,Out-of-pocket expenditure (% of current health expenditure),SH.XPD.OOPC.CH.ZS,,,,,,,,,,,,,,,,,,,,,,,,,,,,,,,,,,,,,,,,,51.64644623,53.16455841,51.66137314,51.07936859,46.59614182,42.56970215,39.18014526,42.91151428,48.67649078,38.58998489,43.09150314,43.54013824,43.24369431,46.41520691,56.3242569,54.53976822,57.21311569,56.37662888,46.61981201,46.181427,,
Cambodia,KHM,Out-of-pocket expenditure (% of current health expenditure),SH.XPD.OOPC.CH.ZS,,,,,,,,,,,,,,,,,,,,,,,,,,,,,,,,,,,,,,,,,68.68244934,62.25770187,60.62694168,61.63510513,56.31127167,60.94361115,52.34569168,48.68355942,51.07616043,50.50344467,51.90946579,59.74187851,60.47090912,61.22215271,58.62177658,57.33106613,58.56040192,58.23595047,60.96880341,64.39125061,,
Kiribati,KIR,Out-of-pocket expenditure (% of current health expenditure),SH.XPD.OOPC.CH.ZS,,,,,,,,,,,,,,,,,,,,,,,,,,,,,,,,,,,,,,,,,0.15057537,0.09972211,0.10929514,0.1153037,0.09673197,0.11822917,0.10294823,0.10137922,0.08034962,0.0862039,0.12266552,0.13436651,0.14411134,0.12112337,0.11781958,0.14668758,0.12348551,0.11203723,0.09421607,0.1049399,,
St. Kitts and Nevis,KNA,Out-of-pocket expenditure (% of current health expenditure),SH.XPD.OOPC.CH.ZS,,,,,,,,,,,,,,,,,,,,,,,,,,,,,,,,,,,,,,,,,52.63879395,51.06950378,51.34532928,50.64527893,46.12797928,47.98293304,50.0489769,51.09035492,56.86151505,54.68262863,55.21491623,55.53620529,55.4070816,56.48267365,53.73818207,57.08949661,54.89627075,53.38910675,49.38157272,46.36796951,,
"Korea, Rep.",KOR,Out-of-pocket expenditure (% of current health expenditure),SH.XPD.OOPC.CH.ZS,,,,,,,,,,,,,,,,,,,,,,,,,,,,,,,,,,,,,,,,,43.63845444,39.20520782,38.63632584,38.73109055,38.02526474,37.73801804,35.73993301,35.77014542,37.05316925,34.29153824,34.01853561,34.14442444,34.54799271,34.21545792,33.86190414,33.5990715,33.0310173,32.6251297,32.50151062,30.24508095,,
Kuwait,KWT,Out-of-pocket expenditure (% of current health expenditure),SH.XPD.OOPC.CH.ZS,,,,,,,,,,,,,,,,,,,,,,,,,,,,,,,,,,,,,,,,,25.49419403,19.64636612,21.53982162,20.82116699,21.55590057,21.47368431,21.23933411,21.34607697,19.80873489,16.72038078,14.33214378,14.01464081,14.95504665,14.48544121,13.92933083,13.69551849,13.2821579,12.92664242,10.67510128,11.79424191,,
Latin America & Caribbean (excluding high income),LAC,Out-of-pocket expenditure (% of current health expenditure),SH.XPD.OOPC.CH.ZS,,,,,,,,,,,,,,,,,,,,,,,,,,,,,,,,,,,,,,,,,38.33244709,40.03790489,41.78838514,41.7843028,40.7255541,40.81858697,39.38004093,37.47248348,34.89285445,33.35665785,31.47131937,30.67521052,30.97104788,29.92140117,29.75848737,28.0715065,28.33679395,27.55334311,28.35456374,28.41042956,,
Lao PDR,LAO,Out-of-pocket expenditure (% of current health expenditure),SH.XPD.OOPC.CH.ZS,,,,,,,,,,,,,,,,,,,,,,,,,,,,,,,,,,,,,,,,,44.77973938,43.97146606,49.66936874,54.75914001,47.25917435,43.72243881,41.0778656,34.90810776,31.37778854,26.87694168,35.96009445,52.60240936,48.63187027,48.70332336,50.87946701,45.36532593,46.4421196,46.23710632,48.54592514,41.83228683,,
Lebanon,LBN,Out-of-pocket expenditure (% of current health expenditure),SH.XPD.OOPC.CH.ZS,,,,,,,,,,,,,,,,,,,,,,,,,,,,,,,,,,,,,,,,,57.79088211,54.84231186,54.11543274,52.48448944,48.88166046,47.32339478,44.68946457,44.07956696,44.85952377,44.5697403,43.58500671,40.18660355,37.33576584,36.95458221,35.57216644,32.6974411,31.97481537,33.06612396,32.80816269,33.53593826,,
Liberia,LBR,Out-of-pocket expenditure (% of current health expenditure),SH.XPD.OOPC.CH.ZS,,,,,,,,,,,,,,,,,,,,,,,,,,,,,,,,,,,,,,,,,70.10132599,59.23411179,63.96728134,66.06464386,78.38056946,73.68797302,70.01726532,69.34415436,63.32442093,49.34246063,50.8711319,48.20183945,45.32627869,48.17132187,51.13761902,46.6543541,46.8766098,47.96977615,47.30006027,54.39604568,,
Libya,LBY,Out-of-pocket expenditure (% of current health expenditure),SH.XPD.OOPC.CH.ZS,,,,,,,,,,,,,,,,,,,,,,,,,,,,,,,,,,,,,,,,,51.29111481,45.52794266,33.08924103,33.75513077,34.21350861,35.34671783,34.62698746,33.44186401,32.26568222,31.10063171,29.97363853,36.66828156,,,,,,,,,,
St. Lucia,LCA,Out-of-pocket expenditure (% of current health expenditure),SH.XPD.OOPC.CH.ZS,,,,,,,,,,,,,,,,,,,,,,,,,,,,,,,,,,,,,,,,,58.86487961,56.8789978,56.90605164,59.63883209,57.44704056,55.9685173,58.68156433,63.93407059,59.58971405,57.42234421,54.76262665,55.60453033,51.6547699,52.07427597,51.95596695,49.56113434,51.21607971,49.79442215,49.15345764,46.25265121,,
Latin America & Caribbean,LCN,Out-of-pocket expenditure (% of current health expenditure),SH.XPD.OOPC.CH.ZS,,,,,,,,,,,,,,,,,,,,,,,,,,,,,,,,,,,,,,,,,38.42241365,39.90808853,41.45196579,41.17596742,40.09711254,40.51371099,38.49298695,36.99506688,35.0770087,33.7898791,32.0131074,30.97926197,30.90383915,30.08030711,29.87586935,28.19380992,28.58103065,27.7937941,28.32781625,28.35127921,,
Least developed countries: UN classification,LDC,Out-of-pocket expenditure (% of current health expenditure),SH.XPD.OOPC.CH.ZS,,,,,,,,,,,,,,,,,,,,,,,,,,,,,,,,,,,,,,,,,50.64052412,51.22232694,53.01293898,52.47874302,51.08461753,50.15261436,48.27472021,49.71540134,48.96657216,46.8390812,48.4406555,47.86944482,47.33427623,48.94520578,48.46774017,50.9121909,51.46724505,52.03426906,49.87697177,50.66466838,,
Low income,LIC,Out-of-pocket expenditure (% of current health expenditure),SH.XPD.OOPC.CH.ZS,,,,,,,,,,,,,,,,,,,,,,,,,,,,,,,,,,,,,,,,,50.54459272,49.88602337,51.25450713,50.54524411,49.98324271,49.5920509,50.96410002,52.35361498,52.45764218,48.9843824,49.96105361,49.60009697,48.63434743,50.2937926,47.61004165,48.65620126,48.27104868,49.79037687,42.95699671,43.21143292,,
Liechtenstein,LIE,Out-of-pocket expenditure (% of current health expenditure),SH.XPD.OOPC.CH.ZS,,,,,,,,,,,,,,,,,,,,,,,,,,,,,,,,,,,,,,,,,,,,,,,,,,,,,,,,,,,,,,
Sri Lanka,LKA,Out-of-pocket expenditure (% of current health expenditure),SH.XPD.OOPC.CH.ZS,,,,,,,,,,,,,,,,,,,,,,,,,,,,,,,,,,,,,,,,,40.04385376,41.09132385,40.45339584,37.60930252,41.03234863,40.50283051,40.94941711,44.8517952,50.64072418,53.28553391,53.29795074,51.22101974,51.93098831,48.93375778,48.68254471,48.93215179,50.1216011,49.25233078,46.81987,45.63660049,,
Lower middle income,LMC,Out-of-pocket expenditure (% of current health expenditure),SH.XPD.OOPC.CH.ZS,,,,,,,,,,,,,,,,,,,,,,,,,,,,,,,,,,,,,,,,,58.68767185,58.93680519,58.77930055,58.9576636,58.2288445,58.84444041,57.32440361,56.49422041,55.89776233,55.11256822,56.78996138,54.98057523,53.90292354,55.03001781,52.78093599,52.79404955,51.90360137,48.94222526,48.00023689,48.17347869,,
Low & middle income,LMY,Out-of-pocket expenditure (% of current health expenditure),SH.XPD.OOPC.CH.ZS,,,,,,,,,,,,,,,,,,,,,,,,,,,,,,,,,,,,,,,,,44.88439439,46.67128851,47.3853163,46.5743511,45.32784789,45.17580702,43.77735674,41.9833178,40.18866461,39.10087281,38.32664639,37.628133,37.57487498,37.43562055,36.56864167,36.11285684,36.60882437,35.56627887,35.42938073,35.24874409,,
Lesotho,LSO,Out-of-pocket expenditure (% of current health expenditure),SH.XPD.OOPC.CH.ZS,,,,,,,,,,,,,,,,,,,,,,,,,,,,,,,,,,,,,,,,,39.72735977,28.38722229,29.22115707,32.46588898,31.50066376,34.38764954,30.02318382,24.65950012,22.36910248,20.11676407,21.14280701,18.10095215,18.34457397,16.22262573,15.76756573,16.17543793,17.15090942,15.54045677,14.10389709,13.76152897,,
Late-demographic dividend,LTE,Out-of-pocket expenditure (% of current health expenditure),SH.XPD.OOPC.CH.ZS,,,,,,,,,,,,,,,,,,,,,,,,,,,,,,,,,,,,,,,,,41.41705407,42.3726685,41.73174395,40.99231317,40.46600852,39.59501249,38.17085215,36.05460503,34.51965624,34.33589924,33.176986,33.13642526,33.26875605,32.81902271,32.21617668,31.54129625,32.02149439,31.94887746,31.78728737,31.41794225,,
Lithuania,LTU,Out-of-pocket expenditure (% of current health expenditure),SH.XPD.OOPC.CH.ZS,,,,,,,,,,,,,,,,,,,,,,,,,,,,,,,,,,,,,,,,,27.15216637,27.58539391,25.60276031,24.18149185,32.91969299,32.77876663,31.85560608,28.40399361,28.17394638,26.81707954,27.59107971,28.22128296,31.80083847,32.82087326,31.49276161,31.83712006,32.31704712,32.58964539,31.51578522,32.27022171,,
Luxembourg,LUX,Out-of-pocket expenditure (% of current health expenditure),SH.XPD.OOPC.CH.ZS,,,,,,,,,,,,,,,,,,,,,,,,,,,,,,,,,,,,,,,,,14.25088024,13.6576767,13.8617382,13.25509262,12.77582836,12.92818832,13.37627888,10.30741978,10.06149197,9.8952837,10.23186111,10.88065338,11.48753071,11.21970749,11.10842419,10.75223732,10.77447701,10.69308758,10.47403049,9.62240314,,
Latvia,LVA,Out-of-pocket expenditure (% of current health expenditure),SH.XPD.OOPC.CH.ZS,,,,,,,,,,,,,,,,,,,,,,,,,,,,,,,,,,,,,,,,,47.65911484,48.85079193,47.58166504,48.56236267,40.63125992,41.69103241,35.59818268,36.82770538,37.30623245,38.7826767,37.18564987,34.29675293,37.82342529,38.47148514,39.10600662,40.53730774,43.44228363,42.00598526,39.34200287,35.71981812,,
"Macao SAR, China",MAC,Out-of-pocket expenditure (% of current health expenditure),SH.XPD.OOPC.CH.ZS,,,,,,,,,,,,,,,,,,,,,,,,,,,,,,,,,,,,,,,,,,,,,,,,,,,,,,,,,,,,,,
St. Martin (French part),MAF,Out-of-pocket expenditure (% of current health expenditure),SH.XPD.OOPC.CH.ZS,,,,,,,,,,,,,,,,,,,,,,,,,,,,,,,,,,,,,,,,,,,,,,,,,,,,,,,,,,,,,,
Morocco,MAR,Out-of-pocket expenditure (% of current health expenditure),SH.XPD.OOPC.CH.ZS,,,,,,,,,,,,,,,,,,,,,,,,,,,,,,,,,,,,,,,,,54.11756516,53.25341034,53.4247818,54.50411987,55.56612015,59.2600174,58.74880981,54.86222076,55.70158386,53.24248505,55.61273193,54.98462296,53.57524109,51.66757202,55.30739975,55.55207825,54.31686783,53.83274078,46.98527527,46.81051254,,
Monaco,MCO,Out-of-pocket expenditure (% of current health expenditure),SH.XPD.OOPC.CH.ZS,,,,,,,,,,,,,,,,,,,,,,,,,,,,,,,,,,,,,,,,,7.01219511,6.93566036,6.81479788,5.88217592,5.74602747,5.80999184,6.07103539,6.8412962,6.39872026,5.49932671,5.36885929,5.7046876,5.53505754,5.74495697,5.88280821,6.02298641,7.53687382,7.42867899,7.6312809,7.96347046,,
Moldova,MDA,Out-of-pocket expenditure (% of current health expenditure),SH.XPD.OOPC.CH.ZS,,,,,,,,,,,,,,,,,,,,,,,,,,,,,,,,,,,,,,,,,47.17256927,51.94122696,46.51903915,48.30680466,38.17024994,42.76385117,46.45158005,45.09947968,48.42182159,45.5789299,40.43186188,44.79644775,42.21784973,42.57612991,38.34880447,46.18740845,46.29189682,43.63447952,40.09463882,35.69403076,,
Madagascar,MDG,Out-of-pocket expenditure (% of current health expenditure),SH.XPD.OOPC.CH.ZS,,,,,,,,,,,,,,,,,,,,,,,,,,,,,,,,,,,,,,,,,38.68463135,33.54099274,37.25662994,36.38667297,30.5582943,33.10932541,31.62720108,33.48589706,36.96212769,37.38218689,36.51278305,28.49744606,33.24145126,35.70820999,28.38359261,25.34511948,23.38877678,25.41197586,28.89612007,32.51625061,,
Maldives,MDV,Out-of-pocket expenditure (% of current health expenditure),SH.XPD.OOPC.CH.ZS,,,,,,,,,,,,,,,,,,,,,,,,,,,,,,,,,,,,,,,,,62.99431229,57.46391296,51.88085938,53.8095932,59.50085068,55.65865707,49.92178345,47.22499084,33.10024261,34.3166008,40.07978439,39.68729782,32.18829346,32.36509323,28.1368351,19.53098488,18.97980499,20.64699745,19.22475815,16.45225716,,
Middle East & North Africa,MEA,Out-of-pocket expenditure (% of current health expenditure),SH.XPD.OOPC.CH.ZS,,,,,,,,,,,,,,,,,,,,,,,,,,,,,,,,,,,,,,,,,38.34327366,37.57366848,37.23729709,36.83604975,37.54676944,37.86926384,35.7228945,36.39466579,36.58650788,35.98270796,37.7109794,35.99981371,35.65779803,32.37182706,29.4713954,30.8368229,31.3789679,28.68928055,27.62099208,28.83034352,,
Mexico,MEX,Out-of-pocket expenditure (% of current health expenditure),SH.XPD.OOPC.CH.ZS,,,,,,,,,,,,,,,,,,,,,,,,,,,,,,,,,,,,,,,,,52.22364044,53.42838669,54.35933304,55.66365051,53.69269943,54.58955002,53.76395035,52.49715424,48.59585571,47.35383987,43.50876617,40.73421478,40.64141083,39.87906647,40.87202454,41.04377365,41.3722229,41.78836441,42.25703049,42.12209702,,
Marshall Islands,MHL,Out-of-pocket expenditure (% of current health expenditure),SH.XPD.OOPC.CH.ZS,,,,,,,,,,,,,,,,,,,,,,,,,,,,,,,,,,,,,,,,,9.22926712,10.55147552,12.02823925,12.26922894,10.65808487,8.87010574,8.5770216,11.08094311,12.24490356,12.69073677,13.29143333,13.64001465,13.00867844,12.23093891,12.79251003,10.9942255,10.37151051,11.59749603,11.20923424,11.66249561,,
Middle income,MIC,Out-of-pocket expenditure (% of current health expenditure),SH.XPD.OOPC.CH.ZS,,,,,,,,,,,,,,,,,,,,,,,,,,,,,,,,,,,,,,,,,44.78206298,46.61779593,47.31055446,46.49609196,45.23380752,45.08741286,43.62685731,41.7628035,39.93867887,38.89573327,38.10887728,37.4241785,37.39875585,37.23560816,36.39290216,35.89591428,36.41705399,35.33591616,35.33510599,35.15373415,,
North Macedonia,MKD,Out-of-pocket expenditure (% of current health expenditure),SH.XPD.OOPC.CH.ZS,,,,,,,,,,,,,,,,,,,,,,,,,,,,,,,,,,,,,,,,,42.08673859,42.38284683,42.5700264,43.79019928,42.53265381,41.23845673,37.00005341,37.28580475,32.02929306,34.79013824,37.78863525,35.79779053,35.2437439,33.70716095,34.97661972,34.26193237,35.32001495,42.4270401,42.10961914,40.38256836,,
Mali,MLI,Out-of-pocket expenditure (% of current health expenditure),SH.XPD.OOPC.CH.ZS,,,,,,,,,,,,,,,,,,,,,,,,,,,,,,,,,,,,,,,,,68.81712341,67.793396,61.75164032,61.20212173,55.61309433,57.01831436,56.7429657,61.34743118,63.22452545,61.83722687,56.2662468,50.00259781,44.74382401,34.81934357,33.55117416,34.17124557,35.75055695,37.50244522,32.55354309,31.3529644,,
Malta,MLT,Out-of-pocket expenditure (% of current health expenditure),SH.XPD.OOPC.CH.ZS,,,,,,,,,,,,,,,,,,,,,,,,,,,,,,,,,,,,,,,,,26.37362862,29.66666603,28.73563194,28.83597946,28.17258835,28.85906029,29.62184906,31.07822609,32.99180222,32.45967484,33.02582932,33.16239548,32.09076309,30.22222137,36.45832443,37.19658661,35.13737869,35.22463989,34.29564285,34.64808273,,
Myanmar,MMR,Out-of-pocket expenditure (% of current health expenditure),SH.XPD.OOPC.CH.ZS,,,,,,,,,,,,,,,,,,,,,,,,,,,,,,,,,,,,,,,,,85.65579987,85.89756775,82.23466492,83.16690063,78.88470459,82.50259399,75.01602936,82.16391754,82.45877075,82.26850128,80.74465942,77.27888489,76.7002182,72.23144531,66.03540802,70.4500351,76.67272949,75.68733215,76.44635773,75.95468903,,
Middle East & North Africa (excluding high income),MNA,Out-of-pocket expenditure (% of current health expenditure),SH.XPD.OOPC.CH.ZS,,,,,,,,,,,,,,,,,,,,,,,,,,,,,,,,,,,,,,,,,53.9035974,52.79509537,50.89507386,50.25997427,50.08368659,51.08483073,48.99806486,48.41388963,48.06982479,48.43777452,50.96128963,49.56342868,50.34187533,47.82396028,44.10977143,46.56586978,46.1554396,43.76291195,41.23997662,43.56908341,,
Montenegro,MNE,Out-of-pocket expenditure (% of current health expenditure),SH.XPD.OOPC.CH.ZS,,,,,,,,,,,,,,,,,,,,,,,,,,,,,,,,,,,,,,,,,,,,,,,,,,,,38.80132294,35.91405106,42.07717514,39.1151886,37.72555161,38.23348618,42.16569138,39.6108551,38.55628967,,
Mongolia,MNG,Out-of-pocket expenditure (% of current health expenditure),SH.XPD.OOPC.CH.ZS,,,,,,,,,,,,,,,,,,,,,,,,,,,,,,,,,,,,,,,,,19.74953079,22.36466789,22.22118568,25.06355286,25.52187347,32.41324615,25.55569649,23.28106499,21.42464447,22.75947571,28.05504799,32.00389862,31.53440094,37.31088257,34.95247269,35.91595459,31.95731354,32.15246964,33.88879013,34.76733398,,
Northern Mariana Islands,MNP,Out-of-pocket expenditure (% of current health expenditure),SH.XPD.OOPC.CH.ZS,,,,,,,,,,,,,,,,,,,,,,,,,,,,,,,,,,,,,,,,,,,,,,,,,,,,,,,,,,,,,,
Mozambique,MOZ,Out-of-pocket expenditure (% of current health expenditure),SH.XPD.OOPC.CH.ZS,,,,,,,,,,,,,,,,,,,,,,,,,,,,,,,,,,,,,,,,,38.14937592,26.08440781,27.35958481,21.21592712,15.60630608,12.31847477,12.74688721,12.01949883,10.86691284,8.23771477,7.11211872,6.71953869,5.5548296,8.01664162,10.42470455,11.2614851,10.71028233,9.77090645,9.49275684,9.97822762,,
Mauritania,MRT,Out-of-pocket expenditure (% of current health expenditure),SH.XPD.OOPC.CH.ZS,,,,,,,,,,,,,,,,,,,,,,,,,,,,,,,,,,,,,,,,,77.82078552,77.12565613,69.98445129,68.38970184,70.48661804,67.13407898,68.15962219,65.29875946,60.9402771,62.76504898,62.63597107,58.37606049,55.42799759,50.20851898,47.62082672,47.74198532,53.72725677,48.4994812,45.96592712,45.02108765,,
Mauritius,MUS,Out-of-pocket expenditure (% of current health expenditure),SH.XPD.OOPC.CH.ZS,,,,,,,,,,,,,,,,,,,,,,,,,,,,,,,,,,,,,,,,,44.00006866,43.81982803,44.8716507,45.32218552,43.42286682,49.58810806,52.9129982,55.80852127,61.84154892,58.37333679,52.31685638,53.0715332,51.61318207,53.18034744,50.18024445,49.57672501,48.16077805,48.13040543,48.2336235,45.7204628,,
Malawi,MWI,Out-of-pocket expenditure (% of current health expenditure),SH.XPD.OOPC.CH.ZS,,,,,,,,,,,,,,,,,,,,,,,,,,,,,,,,,,,,,,,,,10.92415047,12.48319626,14.80702782,12.0708971,9.69992733,9.09981728,8.92416573,11.71522522,10.37028122,11.23561001,10.92772293,8.96164322,10.24162579,6.70596361,8.18288803,10.98189545,12.41495895,12.69519043,12.8176527,16.86487961,,
Malaysia,MYS,Out-of-pocket expenditure (% of current health expenditure),SH.XPD.OOPC.CH.ZS,,,,,,,,,,,,,,,,,,,,,,,,,,,,,,,,,,,,,,,,,40.70201111,35.69312286,34.64450073,34.49882889,36.10705185,38.04380035,34.73173904,35.12305069,35.536026,32.19156265,34.11669922,34.01270676,33.03797531,33.66908646,33.0446701,33.41106033,34.4268074,34.21581268,34.98891068,34.57383347,,
North America,NAC,Out-of-pocket expenditure (% of current health expenditure),SH.XPD.OOPC.CH.ZS,,,,,,,,,,,,,,,,,,,,,,,,,,,,,,,,,,,,,,,,,15.18073727,14.4767531,14.39381275,14.20110429,14.04265099,13.99474453,13.8027608,13.71302698,13.48238407,12.78999406,12.57156467,12.51134211,12.5044464,12.40287591,12.09477341,11.89070934,11.82636354,11.60204024,11.49272998,11.49148099,,
Namibia,NAM,Out-of-pocket expenditure (% of current health expenditure),SH.XPD.OOPC.CH.ZS,,,,,,,,,,,,,,,,,,,,,,,,,,,,,,,,,,,,,,,,,6.68357182,6.33473301,6.74492502,6.60194683,6.36069345,6.27147627,5.64558506,5.80081177,6.89986181,8.49085331,9.27632713,10.30300426,10.90823555,9.88768768,9.03688717,7.32912588,7.71207523,7.79463291,8.05017567,8.23502064,,
New Caledonia,NCL,Out-of-pocket expenditure (% of current health expenditure),SH.XPD.OOPC.CH.ZS,,,,,,,,,,,,,,,,,,,,,,,,,,,,,,,,,,,,,,,,,,,,,,,,,,,,,,,,,,,,,,
Niger,NER,Out-of-pocket expenditure (% of current health expenditure),SH.XPD.OOPC.CH.ZS,,,,,,,,,,,,,,,,,,,,,,,,,,,,,,,,,,,,,,,,,60.49816132,60.42288971,59.62220001,61.24694824,60.00253677,50.13459396,48.75664139,53.40668106,52.46495056,53.61827087,55.89531708,57.73744583,60.80649567,56.54368591,54.67354202,51.68564987,58.51040649,48.3137207,48.96118927,46.09529114,,
Nigeria,NGA,Out-of-pocket expenditure (% of current health expenditure),SH.XPD.OOPC.CH.ZS,,,,,,,,,,,,,,,,,,,,,,,,,,,,,,,,,,,,,,,,,60.16206741,60.74782181,65.04915619,72.81435394,64.54787445,65.97051239,70.4588089,70.93754578,72.75693512,74.47493744,76.87748718,74.72514343,72.84432983,70.92673492,71.85419464,71.89008331,75.18703461,77.26951599,75.94578552,70.52402496,,
Nicaragua,NIC,Out-of-pocket expenditure (% of current health expenditure),SH.XPD.OOPC.CH.ZS,,,,,,,,,,,,,,,,,,,,,,,,,,,,,,,,,,,,,,,,,43.88296509,40.38275528,45.29000092,38.68910599,41.55656815,39.16899109,41.98431396,41.94468689,40.90857697,38.31826782,37.48913193,37.83097076,37.63622665,36.89557648,35.33010483,35.39279175,35.0157547,33.80630493,32.82304001,34.41120529,,
Netherlands,NLD,Out-of-pocket expenditure (% of current health expenditure),SH.XPD.OOPC.CH.ZS,,,,,,,,,,,,,,,,,,,,,,,,,,,,,,,,,,,,,,,,,11.03255558,10.4662714,9.81293297,9.60437775,9.9604845,9.88486481,8.3262167,7.88927078,9.92351723,9.06980801,9.09544182,9.48238087,10.09056282,11.53465176,11.58706665,11.28642845,11.27567959,11.04886436,10.79528618,10.57730865,,
Norway,NOR,Out-of-pocket expenditure (% of current health expenditure),SH.XPD.OOPC.CH.ZS,,,,,,,,,,,,,,,,,,,,,,,,,,,,,,,,,,,,,,,,,17.94157219,16.9568634,16.82538414,16.59880066,16.76214218,16.71413231,16.45254898,16.07217407,15.65692139,15.25448418,15.0464716,15.20982647,14.80008221,14.59419537,14.37853241,14.14276981,14.27099895,14.51192474,13.9686327,13.8597908,,
Nepal,NPL,Out-of-pocket expenditure (% of current health expenditure),SH.XPD.OOPC.CH.ZS,,,,,,,,,,,,,,,,,,,,,,,,,,,,,,,,,,,,,,,,,55.78205109,51.26501846,51.95619583,53.80937958,51.60284805,49.21795654,42.50187302,60.96153259,61.62509155,57.62322617,56.20388794,58.37966919,56.07543182,63.53343582,60.04753876,59.4352417,55.44006729,57.37548065,57.72503662,57.91304016,,
Nauru,NRU,Out-of-pocket expenditure (% of current health expenditure),SH.XPD.OOPC.CH.ZS,,,,,,,,,,,,,,,,,,,,,,,,,,,,,,,,,,,,,,,,,2.55207443,3.02829003,3.80298233,4.87882614,7.21008778,4.42820024,3.9536469,2.30141401,2.19099641,3.10484314,2.41821194,1.91865075,0.78191179,1.04622638,1.31314826,1.06901741,1.13063169,1.03839159,1.30233729,1.14929473,,
New Zealand,NZL,Out-of-pocket expenditure (% of current health expenditure),SH.XPD.OOPC.CH.ZS,,,,,,,,,,,,,,,,,,,,,,,,,,,,,,,,,,,,,,,,,15.36159515,16.98616219,16.05667496,15.37909985,14.10670567,14.07014275,13.83843422,11.45369911,13.23509979,12.35631561,11.95811081,12.09877777,12.26525021,12.37116337,12.85042477,13.36466026,13.5755825,13.57707405,12.91324902,12.24473381,,
OECD members,OED,Out-of-pocket expenditure (% of current health expenditure),SH.XPD.OOPC.CH.ZS,,,,,,,,,,,,,,,,,,,,,,,,,,,,,,,,,,,,,,,,,16.62957684,16.16421177,16.04308734,16.02530329,15.94934842,15.82056168,15.82038709,15.81897686,15.56813139,14.83447993,14.78293975,14.66380081,14.69999002,14.71239381,14.56912554,14.31127907,14.16042386,14.07319877,14.06149935,13.85534986,,
Oman,OMN,Out-of-pocket expenditure (% of current health expenditure),SH.XPD.OOPC.CH.ZS,,,,,,,,,,,,,,,,,,,,,,,,,,,,,,,,,,,,,,,,,11.74951744,11.26713276,10.14918995,10.57715225,11.15068245,10.54691792,11.47766304,11.26973152,12.44921207,11.49723816,10.4072876,10.83927441,10.42700768,7.14166403,5.78115559,5.73641682,6.09524345,7.08327723,5.95216084,6.55615425,,
Other small states,OSS,Out-of-pocket expenditure (% of current health expenditure),SH.XPD.OOPC.CH.ZS,,,,,,,,,,,,,,,,,,,,,,,,,,,,,,,,,,,,,,,,,27.73540234,27.92650816,27.93816043,25.94707433,25.94741494,25.89933499,25.64339844,25.72295284,27.75825947,27.01575817,24.91550316,24.42327749,22.15441156,21.87919805,21.58740985,20.97861304,21.4150006,22.57210991,23.02216582,21.41963261,,
Pakistan,PAK,Out-of-pocket expenditure (% of current health expenditure),SH.XPD.OOPC.CH.ZS,,,,,,,,,,,,,,,,,,,,,,,,,,,,,,,,,,,,,,,,,61.53389359,60.11476517,54.86851883,65.53313446,65.99908447,71.02490234,78.01589966,72.43493652,73.10253906,72.33998871,70.39242554,67.14212036,64.19360352,65.16564941,66.52488708,66.17926025,62.21906662,60.23687744,56.24116135,53.80849075,,
Panama,PAN,Out-of-pocket expenditure (% of current health expenditure),SH.XPD.OOPC.CH.ZS,,,,,,,,,,,,,,,,,,,,,,,,,,,,,,,,,,,,,,,,,27.43955803,28.54668808,29.21261787,29.64668846,28.97714996,32.23935318,29.90885735,28.10987854,28.2327137,28.47826195,28.71008492,30.51382256,34.16213608,32.31429291,30.44195557,30.2815609,28.14316177,29.18118858,28.70455933,27.57014084,,
Peru,PER,Out-of-pocket expenditure (% of current health expenditure),SH.XPD.OOPC.CH.ZS,,,,,,,,,,,,,,,,,,,,,,,,,,,,,,,,,,,,,,,,,40.28141403,40.65113831,39.94067001,37.48875809,36.69317245,34.02100754,40.32965851,42.54204941,43.34994125,40.27629089,39.51350403,40.33462906,38.86515808,35.08918381,31.56134415,29.93170547,29.3340683,28.64072037,29.40898895,28.13241577,,
Philippines,PHL,Out-of-pocket expenditure (% of current health expenditure),SH.XPD.OOPC.CH.ZS,,,,,,,,,,,,,,,,,,,,,,,,,,,,,,,,,,,,,,,,,41.19496918,44.61747742,47.76663971,47.70053482,47.77957916,52.10651016,54.03546143,55.9674263,57.44992065,55.57598877,54.84585571,58.89308929,58.31450272,57.57440186,52.37667465,51.1785965,50.4920845,50.14806366,50.43684769,48.55948639,,
Palau,PLW,Out-of-pocket expenditure (% of current health expenditure),SH.XPD.OOPC.CH.ZS,,,,,,,,,,,,,,,,,,,,,,,,,,,,,,,,,,,,,,,,,16.16586113,16.89528465,16.83884811,16.26768494,14.34902096,15.37774467,16.10674286,16.2656498,17.36504745,18.30547905,16.75769997,17.18713188,14.90833187,14.61746693,13.92331982,14.94173813,14.45024586,15.45702171,17.24974442,12.00240326,,
Papua New Guinea,PNG,Out-of-pocket expenditure (% of current health expenditure),SH.XPD.OOPC.CH.ZS,,,,,,,,,,,,,,,,,,,,,,,,,,,,,,,,,,,,,,,,,9.44284439,8.86538887,8.74937439,8.78297806,8.47508335,8.19551563,8.10734177,7.78150463,8.69522953,10.39126968,12.28368092,12.23990631,9.22092819,6.57243299,5.95525455,12.36896038,10.14458942,8.99854469,9.74447441,9.91931438,,
Poland,POL,Out-of-pocket expenditure (% of current health expenditure),SH.XPD.OOPC.CH.ZS,,,,,,,,,,,,,,,,,,,,,,,,,,,,,,,,,,,,,,,,,31.3272171,29.19262886,26.66282272,28.05083656,29.79473114,28.04986191,27.31521225,26.67068291,24.43300247,24.51955605,23.8652668,23.96363258,24.27406502,23.80160332,23.01104355,23.31281471,23.0804615,23.05681801,20.79457855,20.44481277,,
Pre-demographic dividend,PRE,Out-of-pocket expenditure (% of current health expenditure),SH.XPD.OOPC.CH.ZS,,,,,,,,,,,,,,,,,,,,,,,,,,,,,,,,,,,,,,,,,55.43568677,55.89717142,57.60224589,60.98760999,54.82636644,54.73999302,55.10701274,54.15456115,52.40649809,49.84294069,52.37559042,51.02009399,54.13953714,54.20394914,54.33960418,56.12991441,57.32028159,55.59713799,51.5492647,50.40451594,,
Puerto Rico,PRI,Out-of-pocket expenditure (% of current health expenditure),SH.XPD.OOPC.CH.ZS,,,,,,,,,,,,,,,,,,,,,,,,,,,,,,,,,,,,,,,,,,,,,,,,,,,,,,,,,,,,,,
"Korea, Dem. People's Rep.",PRK,Out-of-pocket expenditure (% of current health expenditure),SH.XPD.OOPC.CH.ZS,,,,,,,,,,,,,,,,,,,,,,,,,,,,,,,,,,,,,,,,,,,,,,,,,,,,,,,,,,,,,,
Portugal,PRT,Out-of-pocket expenditure (% of current health expenditure),SH.XPD.OOPC.CH.ZS,,,,,,,,,,,,,,,,,,,,,,,,,,,,,,,,,,,,,,,,,25.71485138,25.10839653,23.18004227,23.69093513,23.50498772,23.68018723,25.52471161,25.90620804,26.39370918,25.10337257,24.70828819,26.6541481,29.58305168,28.79403877,29.33474541,29.53490639,29.43162537,29.68817902,29.91727066,30.45287704,,
Paraguay,PRY,Out-of-pocket expenditure (% of current health expenditure),SH.XPD.OOPC.CH.ZS,,,,,,,,,,,,,,,,,,,,,,,,,,,,,,,,,,,,,,,,,49.09693146,52.38962936,56.0724678,54.62833786,56.95936584,57.92465973,56.72241974,57.95808411,60.46802521,55.44544601,53.92941666,50.00537109,46.33087158,47.50415039,44.38643646,43.80717468,42.92160416,43.77459717,43.87631226,41.62508392,,
West Bank and Gaza,PSE,Out-of-pocket expenditure (% of current health expenditure),SH.XPD.OOPC.CH.ZS,,,,,,,,,,,,,,,,,,,,,,,,,,,,,,,,,,,,,,,,,,,,,,,,,,,,,,,,,,,,,,
Pacific island small states,PSS,Out-of-pocket expenditure (% of current health expenditure),SH.XPD.OOPC.CH.ZS,,,,,,,,,,,,,,,,,,,,,,,,,,,,,,,,,,,,,,,,,9.28114325,9.80026942,9.28653075,10.0916599,9.643132568,8.630010506,9.948977004,10.81787713,11.05304185,13.27964406,11.84914889,13.31196387,13.30772637,12.37290059,11.73213919,12.04246784,11.95544026,10.26648491,10.01833748,9.18603548,,
Post-demographic dividend,PST,Out-of-pocket expenditure (% of current health expenditure),SH.XPD.OOPC.CH.ZS,,,,,,,,,,,,,,,,,,,,,,,,,,,,,,,,,,,,,,,,,16.04629317,15.55781129,15.47394277,15.46045088,15.39027764,15.17257792,15.18512146,15.18332009,15.04538463,14.40362842,14.36904058,14.30771732,14.33288985,14.32476279,14.16170454,13.91723934,13.79979115,13.69842834,13.70228102,13.50594922,,
French Polynesia,PYF,Out-of-pocket expenditure (% of current health expenditure),SH.XPD.OOPC.CH.ZS,,,,,,,,,,,,,,,,,,,,,,,,,,,,,,,,,,,,,,,,,,,,,,,,,,,,,,,,,,,,,,
Qatar,QAT,Out-of-pocket expenditure (% of current health expenditure),SH.XPD.OOPC.CH.ZS,,,,,,,,,,,,,,,,,,,,,,,,,,,,,,,,,,,,,,,,,30.03434753,27.41547585,27.51289368,18.53093338,18.55573273,18.61186028,18.66810036,18.72445297,18.78091812,19.3805542,18.72622299,16.8867054,10.88382721,6.90943241,5.66638613,7.26034546,8.79164982,10.94932365,12.82521629,12.32652092,,
Romania,ROU,Out-of-pocket expenditure (% of current health expenditure),SH.XPD.OOPC.CH.ZS,,,,,,,,,,,,,,,,,,,,,,,,,,,,,,,,,,,,,,,,,19.41972351,18.94091988,17.83514595,15.12717628,24.32698631,18.49897003,19.99056435,17.59607506,18.1821537,20.78450394,19.63123703,24.27583885,22.42794037,20.17611504,20.31369972,21.28186798,20.75498581,20.48815536,19.45757103,18.87716866,,
Russian Federation,RUS,Out-of-pocket expenditure (% of current health expenditure),SH.XPD.OOPC.CH.ZS,,,,,,,,,,,,,,,,,,,,,,,,,,,,,,,,,,,,,,,,,30.20886421,30.79232025,31.21293449,33.27987671,33.80615234,31.93188095,31.12683678,31.44804764,31.54885483,34.58216476,35.32572556,34.19445038,33.39754486,34.83225632,35.8257103,38.6463356,40.48464966,40.49308395,38.31166458,36.57374573,,
Rwanda,RWA,Out-of-pocket expenditure (% of current health expenditure),SH.XPD.OOPC.CH.ZS,,,,,,,,,,,,,,,,,,,,,,,,,,,,,,,,,,,,,,,,,26.58733177,27.67666245,28.46427345,17.11997414,21.21723175,23.79763412,14.26959229,12.49653721,11.78379345,11.37705517,11.0873909,10.79212093,10.17707443,12.30982971,12.07820892,12.18093967,11.3617878,11.81890011,11.68297958,11.67218018,,
South Asia,SAS,Out-of-pocket expenditure (% of current health expenditure),SH.XPD.OOPC.CH.ZS,,,,,,,,,,,,,,,,,,,,,,,,,,,,,,,,,,,,,,,,,68.98857797,71.29266251,70.17170927,71.22938965,70.55750517,71.45818167,71.2865919,69.95659088,68.60844634,66.58070489,65.28217575,62.50820254,62.97122316,67.98932915,66.43734317,64.66398761,63.19277099,56.84699085,56.69297502,56.03795117,,
Saudi Arabia,SAU,Out-of-pocket expenditure (% of current health expenditure),SH.XPD.OOPC.CH.ZS,,,,,,,,,,,,,,,,,,,,,,,,,,,,,,,,,,,,,,,,,18.46246338,18.03369141,18.45171165,17.94919586,18.15097046,16.49158669,15.39395142,16.73869896,19.36904335,18.35076332,18.94513893,15.62115383,15.15621376,14.35986423,13.13586998,14.38336658,15.70596504,14.32352924,15.89835262,16.49995804,,
Sudan,SDN,Out-of-pocket expenditure (% of current health expenditure),SH.XPD.OOPC.CH.ZS,,,,,,,,,,,,,,,,,,,,,,,,,,,,,,,,,,,,,,,,,61.82265854,62.28070068,61.42131805,62.56050873,57.1778717,54.63094711,55.78925705,58.00177002,62.40304565,52.47582245,61.31344604,65.93135071,65.45468903,74.83428955,67.03178406,63.22554398,70.3108139,72.47966766,66.95339966,67.38342285,,
Senegal,SEN,Out-of-pocket expenditure (% of current health expenditure),SH.XPD.OOPC.CH.ZS,,,,,,,,,,,,,,,,,,,,,,,,,,,,,,,,,,,,,,,,,55.60759735,52.796978,55.35271072,54.93800735,55.09235764,39.51602936,37.43950653,44.27264404,41.62781143,45.61537933,48.67733383,50.79879761,52.77386475,55.23893738,50.44826889,50.8911438,51.19503021,53.54351425,49.8355751,50.99054718,,
Singapore,SGP,Out-of-pocket expenditure (% of current health expenditure),SH.XPD.OOPC.CH.ZS,,,,,,,,,,,,,,,,,,,,,,,,,,,,,,,,,,,,,,,,,48.17884445,55.58973694,53.08752823,48.45797729,51.00744247,49.99448395,48.83466721,48.46814346,46.45778656,43.28753662,41.45875549,39.51037216,37.65390396,36.16598511,33.29804611,33.08544922,32.66244888,32.10845184,29.07070541,30.15112877,,
Solomon Islands,SLB,Out-of-pocket expenditure (% of current health expenditure),SH.XPD.OOPC.CH.ZS,,,,,,,,,,,,,,,,,,,,,,,,,,,,,,,,,,,,,,,,,5.3975749,4.63487673,2.58924699,2.92627263,2.65619421,2.17284513,2.65828085,2.87140632,3.45777798,2.41631746,2.10268998,2.43138099,2.56543803,3.04378557,2.79569626,2.9661386,2.99610615,3.07175732,3.58503318,3.43970704,,
Sierra Leone,SLE,Out-of-pocket expenditure (% of current health expenditure),SH.XPD.OOPC.CH.ZS,,,,,,,,,,,,,,,,,,,,,,,,,,,,,,,,,,,,,,,,,75.65366364,71.14684296,68.58265686,70.83103943,67.03570557,66.75041962,68.64519501,72.92609406,75.53688049,69.90135193,64.02027893,69.95410919,73.18808746,62.90097046,34.96832657,36.69626236,41.55205536,54.49611664,60.9888916,55.18257141,,
El Salvador,SLV,Out-of-pocket expenditure (% of current health expenditure),SH.XPD.OOPC.CH.ZS,,,,,,,,,,,,,,,,,,,,,,,,,,,,,,,,,,,,,,,,,51.68439102,50.60951233,49.19662857,48.6211319,45.90970993,42.68722534,32.83423615,35.39474487,34.58769608,33.15838242,32.74489594,30.58425522,32.07555771,28.23023796,28.27172279,27.83225441,27.16887665,29.19644928,28.78990173,28.37231827,,
San Marino,SMR,Out-of-pocket expenditure (% of current health expenditure),SH.XPD.OOPC.CH.ZS,,,,,,,,,,,,,,,,,,,,,,,,,,,,,,,,,,,,,,,,,25.38911629,24.17714882,24.95872879,23.54759026,22.7604351,21.66726303,20.90724564,19.8385601,19.52321625,18.96939087,18.13570595,17.25834465,16.69104385,17.6194191,17.67629623,17.44340897,17.75112915,16.01260757,16.25928497,16.98494148,,
Somalia,SOM,Out-of-pocket expenditure (% of current health expenditure),SH.XPD.OOPC.CH.ZS,,,,,,,,,,,,,,,,,,,,,,,,,,,,,,,,,,,,,,,,,,,,,,,,,,,,,,,,,,,,,,
Serbia,SRB,Out-of-pocket expenditure (% of current health expenditure),SH.XPD.OOPC.CH.ZS,,,,,,,,,,,,,,,,,,,,,,,,,,,,,,,,,,,,,,,,,29.60838699,28.48381615,23.83146667,24.97764397,27.29331207,29.81834412,32.84013367,34.712883,35.14710236,35.16513443,36.40253448,36.40479279,35.43024063,37.86663818,39.94475174,40.58773422,40.45367432,40.63935089,38.31093597,37.04018402,,
Sub-Saharan Africa (excluding high income),SSA,Out-of-pocket expenditure (% of current health expenditure),SH.XPD.OOPC.CH.ZS,,,,,,,,,,,,,,,,,,,,,,,,,,,,,,,,,,,,,,,,,32.2965071,33.75197927,35.8509759,35.87212312,32.83071195,32.9284743,34.41511733,34.48369447,36.04068406,32.6703744,31.44910539,31.17590619,31.53701063,33.87532958,34.26588735,34.41632943,34.94086058,34.14098838,29.96425956,29.98319835,,
South Sudan,SSD,Out-of-pocket expenditure (% of current health expenditure),SH.XPD.OOPC.CH.ZS,,,,,,,,,,,,,,,,,,,,,,,,,,,,,,,,,,,,,,,,,,,,,,,,,,,,,,,,,,19.19281387,21.71473122,23.52758598,,
Sub-Saharan Africa,SSF,Out-of-pocket expenditure (% of current health expenditure),SH.XPD.OOPC.CH.ZS,,,,,,,,,,,,,,,,,,,,,,,,,,,,,,,,,,,,,,,,,32.27785914,33.74610152,35.82541841,35.85467218,32.82083101,32.92186837,34.40686577,34.47672888,36.0426555,32.6730767,31.44761647,31.17539881,31.53246489,33.86926049,34.2627612,34.41226793,34.93213598,34.13290117,29.95880114,29.97869751,,
Small states,SST,Out-of-pocket expenditure (% of current health expenditure),SH.XPD.OOPC.CH.ZS,,,,,,,,,,,,,,,,,,,,,,,,,,,,,,,,,,,,,,,,,29.79260541,30.50891375,29.65131515,28.12675764,27.87389505,27.61180956,27.63316526,27.86553303,29.24693692,28.4473841,26.77122964,26.27064099,24.47955749,24.01018841,23.71613763,23.16381816,23.5065411,24.03027448,24.64252663,23.36383705,,
Sao Tome and Principe,STP,Out-of-pocket expenditure (% of current health expenditure),SH.XPD.OOPC.CH.ZS,,,,,,,,,,,,,,,,,,,,,,,,,,,,,,,,,,,,,,,,,38.86930084,38.82142258,37.33503342,29.00670242,31.86517334,30.0188446,34.25799942,30.3071537,25.37797737,23.40858459,21.06502724,19.47343254,17.78489876,14.2552433,14.95833588,16.11616325,13.91362,14.75731277,16.64463234,17.65802956,,
Suriname,SUR,Out-of-pocket expenditure (% of current health expenditure),SH.XPD.OOPC.CH.ZS,,,,,,,,,,,,,,,,,,,,,,,,,,,,,,,,,,,,,,,,,15.39642048,27.32730865,23.0086174,23.54932213,20.6982193,20.86314392,18.08366013,19.49966431,24.28281212,21.96848106,23.58067322,27.20149231,28.27469635,27.87244606,28.98274994,21.99853134,21.83638763,26.37959099,19.83471107,16.09253311,,
Slovak Republic,SVK,Out-of-pocket expenditure (% of current health expenditure),SH.XPD.OOPC.CH.ZS,,,,,,,,,,,,,,,,,,,,,,,,,,,,,,,,,,,,,,,,,10.83896637,10.90437698,11.01689148,12.21277809,21.23348236,23.60951996,26.58822823,27.370327,21.02014542,22.41773987,22.8006134,23.57159042,23.23308945,23.32164955,18.00793076,18.44357491,17.88825226,18.71318436,18.90781784,19.15934753,,
Slovenia,SVN,Out-of-pocket expenditure (% of current health expenditure),SH.XPD.OOPC.CH.ZS,,,,,,,,,,,,,,,,,,,,,,,,,,,,,,,,,,,,,,,,,13.2732687,12.90347862,12.55521584,12.48665047,12.16907501,13.0193758,12.27804375,13.63123703,12.63994598,12.77988815,12.64016342,12.19664192,12.45996571,12.4548645,12.98344612,12.49877739,12.00222397,12.32816887,11.98157787,11.66131687,,
Sweden,SWE,Out-of-pocket expenditure (% of current health expenditure),SH.XPD.OOPC.CH.ZS,,,,,,,,,,,,,,,,,,,,,,,,,,,,,,,,,,,,,,,,,14.46247673,16.87992668,16.50955009,15.88181114,16.28187943,16.6356926,16.54168129,16.33683968,16.32570076,16.40327072,16.37858391,14.55464077,14.80989265,14.93118668,14.91894722,14.90281487,14.491889,14.08661652,13.95882416,13.87638187,,
Eswatini,SWZ,Out-of-pocket expenditure (% of current health expenditure),SH.XPD.OOPC.CH.ZS,,,,,,,,,,,,,,,,,,,,,,,,,,,,,,,,,,,,,,,,,18.52518082,17.86198807,16.88416862,15.05786896,14.64396858,13.24464035,12.40433788,12.13582325,10.54234123,10.42381477,10.45542145,10.48334503,10.50819397,10.53044891,10.55049515,10.56864738,10.58516216,10.49674606,10.10376644,10.57721043,,
Sint Maarten (Dutch part),SXM,Out-of-pocket expenditure (% of current health expenditure),SH.XPD.OOPC.CH.ZS,,,,,,,,,,,,,,,,,,,,,,,,,,,,,,,,,,,,,,,,,,,,,,,,,,,,,,,,,,,,,,
Seychelles,SYC,Out-of-pocket expenditure (% of current health expenditure),SH.XPD.OOPC.CH.ZS,,,,,,,,,,,,,,,,,,,,,,,,,,,,,,,,,,,,,,,,,17.88831902,30.133564,19.4829464,21.72284317,24.26019096,26.64634514,25.7701931,25.11079597,39.23526382,37.91781616,29.04673767,30.29617691,25.13240242,24.77321243,29.8537941,28.90867615,25.30701828,24.59942627,24.18979454,25.22789001,,
Syrian Arab Republic,SYR,Out-of-pocket expenditure (% of current health expenditure),SH.XPD.OOPC.CH.ZS,,,,,,,,,,,,,,,,,,,,,,,,,,,,,,,,,,,,,,,,,64.32570648,58.37926865,54.17683029,51.73560333,52.02073288,49.49593735,51.46001053,51.91991425,53.01201248,54.00000381,54.00000381,53.36600494,53.6898613,,,,,,,,,
Turks and Caicos Islands,TCA,Out-of-pocket expenditure (% of current health expenditure),SH.XPD.OOPC.CH.ZS,,,,,,,,,,,,,,,,,,,,,,,,,,,,,,,,,,,,,,,,,,,,,,,,,,,,,,,,,,,,,,
Chad,TCD,Out-of-pocket expenditure (% of current health expenditure),SH.XPD.OOPC.CH.ZS,,,,,,,,,,,,,,,,,,,,,,,,,,,,,,,,,,,,,,,,,56.216259,58.26092911,64.73538208,47.41553116,51.01406479,56.22251129,63.66035843,64.9182663,68.81594849,65.01296997,67.58454132,60.77016068,59.42822266,58.63795471,55.72120667,56.72420883,56.65454865,59.21008682,62.37346649,57.22343826,,
East Asia & Pacific (IDA & IBRD countries),TEA,Out-of-pocket expenditure (% of current health expenditure),SH.XPD.OOPC.CH.ZS,,,,,,,,,,,,,,,,,,,,,,,,,,,,,,,,,,,,,,,,,55.85506461,58.69099227,57.91963277,56.05674554,54.57876616,54.56736267,52.42575368,48.4763066,45.70634032,42.69473905,41.36646814,40.76789528,39.74444817,38.60217877,36.78700186,35.49253233,36.04400052,36.04715758,35.71780334,35.14358611,,
Europe & Central Asia (IDA & IBRD countries),TEC,Out-of-pocket expenditure (% of current health expenditure),SH.XPD.OOPC.CH.ZS,,,,,,,,,,,,,,,,,,,,,,,,,,,,,,,,,,,,,,,,,31.60188371,30.57398083,29.34854339,29.40475398,30.90408362,30.17746602,29.83841195,29.56951547,28.58481199,28.90064315,29.97225079,30.45894117,30.4996062,31.37305232,31.5119726,32.36330524,32.58592139,33.32226489,32.25709467,31.5188081,,
Togo,TGO,Out-of-pocket expenditure (% of current health expenditure),SH.XPD.OOPC.CH.ZS,,,,,,,,,,,,,,,,,,,,,,,,,,,,,,,,,,,,,,,,,76.81318665,75.55944061,74.70137024,72.98538971,70.47911072,68.78157043,66.54301453,66.70400238,65.9886322,65.24909973,62.13306808,62.16770935,59.28656006,57.86953735,57.35703659,57.51215744,54.67589569,61.46566391,64.66403961,66.20977783,,
Thailand,THA,Out-of-pocket expenditure (% of current health expenditure),SH.XPD.OOPC.CH.ZS,,,,,,,,,,,,,,,,,,,,,,,,,,,,,,,,,,,,,,,,,34.18558884,33.9886055,27.89708328,27.1678009,26.40885162,27.58306313,17.65686035,14.81379414,14.70176125,15.90248966,14.49738026,13.00871372,13.42186737,12.5402317,12.85608101,12.50940418,11.34563923,11.86769009,10.24854565,8.66959858,,
Tajikistan,TJK,Out-of-pocket expenditure (% of current health expenditure),SH.XPD.OOPC.CH.ZS,,,,,,,,,,,,,,,,,,,,,,,,,,,,,,,,,,,,,,,,,79.15171814,76.52173615,78.16711426,73.30262756,71.73569489,66.09986115,68.79291534,70.61388397,68.58421326,69.63989258,70.43351746,62.54403687,63.9360199,61.91447449,62.18501282,62.57888794,66.00267029,63.15241623,68.41996002,71.22299957,,
Turkmenistan,TKM,Out-of-pocket expenditure (% of current health expenditure),SH.XPD.OOPC.CH.ZS,,,,,,,,,,,,,,,,,,,,,,,,,,,,,,,,,,,,,,,,,50.0068779,61.2654686,61.13518524,63.69928741,72.19020081,73.8278656,76.42288971,68.99676514,78.47992706,70.73177338,70.99907684,68.97085571,68.28610992,66.84680176,68.20838928,71.07138062,76.15718079,72.7276535,76.34396362,76.7882309,,
Latin America & the Caribbean (IDA & IBRD countries),TLA,Out-of-pocket expenditure (% of current health expenditure),SH.XPD.OOPC.CH.ZS,,,,,,,,,,,,,,,,,,,,,,,,,,,,,,,,,,,,,,,,,38.75335503,40.26314047,41.92043075,41.62923438,40.49091037,41.07004418,38.99753205,37.67420711,35.67835881,34.42871707,32.43524499,31.35130355,31.18278218,30.39590979,30.30631083,28.68881197,29.10020607,28.22787063,28.77420313,28.84403617,,
Timor-Leste,TLS,Out-of-pocket expenditure (% of current health expenditure),SH.XPD.OOPC.CH.ZS,,,,,,,,,,,,,,,,,,,,,,,,,,,,,,,,,,,,,,,,,,,,40.93309021,34.59072113,33.20261383,22.01938438,18.25991249,11.52039433,8.84477043,11.56462669,9.9248476,9.48989201,6.96823168,7.90607262,7.35929537,7.90464449,8.34491539,7.81963396,8.15130901,,
Middle East & North Africa (IDA & IBRD countries),TMN,Out-of-pocket expenditure (% of current health expenditure),SH.XPD.OOPC.CH.ZS,,,,,,,,,,,,,,,,,,,,,,,,,,,,,,,,,,,,,,,,,53.9035974,52.79509537,50.89507386,50.25997427,50.08368659,51.08483073,48.99806486,48.41388963,48.06982479,48.43777452,50.96128963,49.56342868,50.34187533,47.82396028,44.10977143,46.56586978,46.1554396,43.76291195,41.23997662,43.56908341,,
Tonga,TON,Out-of-pocket expenditure (% of current health expenditure),SH.XPD.OOPC.CH.ZS,,,,,,,,,,,,,,,,,,,,,,,,,,,,,,,,,,,,,,,,,17.88041878,14.98418045,15.37759781,15.90327644,12.43517017,13.2121954,9.87966251,12.3419838,9.83284855,15.16303539,11.54514885,13.69595242,10.99751472,13.87090492,11.41773987,10.84986591,9.60351944,9.81272507,10.28321648,9.8578825,,
South Asia (IDA & IBRD),TSA,Out-of-pocket expenditure (% of current health expenditure),SH.XPD.OOPC.CH.ZS,,,,,,,,,,,,,,,,,,,,,,,,,,,,,,,,,,,,,,,,,68.98857797,71.29266251,70.17170927,71.22938965,70.55750517,71.45818167,71.2865919,69.95659088,68.60844634,66.58070489,65.28217575,62.50820254,62.97122316,67.98932915,66.43734317,64.66398761,63.19277099,56.84699085,56.69297502,56.03795117,,
Sub-Saharan Africa (IDA & IBRD countries),TSS,Out-of-pocket expenditure (% of current health expenditure),SH.XPD.OOPC.CH.ZS,,,,,,,,,,,,,,,,,,,,,,,,,,,,,,,,,,,,,,,,,32.27785914,33.74610152,35.82541841,35.85467218,32.82083101,32.92186837,34.40686577,34.47672888,36.0426555,32.6730767,31.44761647,31.17539881,31.53246489,33.86926049,34.2627612,34.41226793,34.93213598,34.13290117,29.95880114,29.97869751,,
Trinidad and Tobago,TTO,Out-of-pocket expenditure (% of current health expenditure),SH.XPD.OOPC.CH.ZS,,,,,,,,,,,,,,,,,,,,,,,,,,,,,,,,,,,,,,,,,57.34558868,51.31262589,52.28602982,48.58372498,52.94176483,46.24819565,49.32506561,49.28312302,46.72016144,47.51119995,46.56803131,44.81612396,44.68572998,43.17301941,42.83146667,41.30602264,43.11694336,40.80586243,44.88968658,46.91281891,,
Tunisia,TUN,Out-of-pocket expenditure (% of current health expenditure),SH.XPD.OOPC.CH.ZS,,,,,,,,,,,,,,,,,,,,,,,,,,,,,,,,,,,,,,,,,38.62986374,39.44773865,40.20476532,40.89639664,41.51860428,42.11570358,42.67474365,42.86813354,42.79279327,42.52130127,42.10583115,41.58300018,40.97820663,39.06398773,38.00471115,39.49700165,39.84062958,38.82075119,38.6917038,37.93780899,,
Turkiye,TUR,Out-of-pocket expenditure (% of current health expenditure),SH.XPD.OOPC.CH.ZS,,,,,,,,,,,,,,,,,,,,,,,,,,,,,,,,,,,,,,,,,28.60040665,23.43206978,20.32076836,18.93056297,20.18101883,24.17697906,23.6489296,23.88428879,19.18195724,14.5079031,16.87221718,15.89518452,15.9315958,16.92680359,17.72542191,16.94873238,16.46614456,17.38420105,17.49141884,16.8898201,,
Tuvalu,TUV,Out-of-pocket expenditure (% of current health expenditure),SH.XPD.OOPC.CH.ZS,,,,,,,,,,,,,,,,,,,,,,,,,,,,,,,,,,,,,,,,,0.10394371,0.69377589,1.18898737,1.19255459,1.40251434,1.25764763,0.73351163,1.0327065,1.18793452,0.72407168,0.61564386,0.72783267,0.76049501,0.62288874,0.65124482,0.21644495,0.65363896,0.50492835,0.46370855,0.32330775,,
Tanzania,TZA,Out-of-pocket expenditure (% of current health expenditure),SH.XPD.OOPC.CH.ZS,,,,,,,,,,,,,,,,,,,,,,,,,,,,,,,,,,,,,,,,,38.47018433,40.90833664,42.51955795,40.01273727,37.37134171,33.71459198,25.77189445,28.474226,32.58509827,34.64831543,31.89402771,27.95462036,24.69026947,24.09046936,25.98152733,25.82907295,21.89363289,21.35103226,20.87795067,22.15128326,,
Uganda,UGA,Out-of-pocket expenditure (% of current health expenditure),SH.XPD.OOPC.CH.ZS,,,,,,,,,,,,,,,,,,,,,,,,,,,,,,,,,,,,,,,,,43.13160324,43.49900436,44.13851166,45.41794586,38.377491,48.59852982,54.05283737,54.48326874,52.72429657,42.84917831,37.39066315,33.01005173,37.51226807,42.51777649,40.14643478,39.4708519,40.60963821,38.08950424,35.62893295,38.26028824,,
Ukraine,UKR,Out-of-pocket expenditure (% of current health expenditure),SH.XPD.OOPC.CH.ZS,,,,,,,,,,,,,,,,,,,,,,,,,,,,,,,,,,,,,,,,,48.39265823,47.16529846,45.11745453,41.02519226,41.40994263,37.95809555,36.1341362,36.46120071,37.78990173,37.40744781,41.8519783,46.31325531,43.94115067,48.16846085,48.16864014,48.28535461,48.40049744,49.23417664,50.6590004,51.11892319,,
Upper middle income,UMC,Out-of-pocket expenditure (% of current health expenditure),SH.XPD.OOPC.CH.ZS,,,,,,,,,,,,,,,,,,,,,,,,,,,,,,,,,,,,,,,,,41.2231386,43.23955254,43.96816895,42.81458972,41.48986725,41.17871342,39.76421257,37.63722879,35.75084032,34.62758256,33.11763426,32.86192921,33.20137709,32.90294094,32.51067462,31.75710518,32.43441779,32.22981306,32.4746365,32.17303974,,
Uruguay,URY,Out-of-pocket expenditure (% of current health expenditure),SH.XPD.OOPC.CH.ZS,,,,,,,,,,,,,,,,,,,,,,,,,,,,,,,,,,,,,,,,,25.16670609,24.06306839,21.69647217,21.35852051,24.29566574,25.94186974,23.76896477,23.36310577,21.29285431,20.75167656,20.47283554,19.43045425,18.46465111,17.69369507,17.09544182,16.92112923,16.43923569,16.49806976,16.24662781,15.46145821,,
United States,USA,Out-of-pocket expenditure (% of current health expenditure),SH.XPD.OOPC.CH.ZS,,,,,,,,,,,,,,,,,,,,,,,,,,,,,,,,,,,,,,,,,15.11238384,14.41044331,14.32713127,14.15007973,13.97764206,13.91825485,13.67735291,13.59207916,13.34937668,12.6413002,12.36455631,12.32208443,12.33093548,12.25372887,11.93220139,11.73992538,11.63196754,11.40190506,11.30358505,11.3115778,,
Uzbekistan,UZB,Out-of-pocket expenditure (% of current health expenditure),SH.XPD.OOPC.CH.ZS,,,,,,,,,,,,,,,,,,,,,,,,,,,,,,,,,,,,,,,,,60.77713394,60.8448143,62.0716095,59.289814,59.55314636,57.62339783,56.89072418,58.12670517,57.31195068,56.41526031,54.61275101,54.4524498,52.80281448,52.92061615,45.40990448,48.41369247,54.65855026,56.68790817,60.34236145,57.68497086,,
St. Vincent and the Grenadines,VCT,Out-of-pocket expenditure (% of current health expenditure),SH.XPD.OOPC.CH.ZS,,,,,,,,,,,,,,,,,,,,,,,,,,,,,,,,,,,,,,,,,27.27936745,28.61110878,28.45888138,30.435606,32.75041962,33.55260468,34.94708633,35.81621552,34.43722916,33.37075806,32.23464203,32.65782547,31.8572464,33.02446747,33.11443329,30.76816559,30.98622894,29.49974823,28.94285965,29.11405945,,
"Venezuela, RB",VEN,Out-of-pocket expenditure (% of current health expenditure),SH.XPD.OOPC.CH.ZS,,,,,,,,,,,,,,,,,,,,,,,,,,,,,,,,,,,,,,,,,41.25257874,41.49649429,41.18021011,34.45624542,31.3409481,36.56163788,27.48369217,31.14585304,38.13252258,39.53265381,38.45790482,34.72499084,29.07177544,31.2794323,29.78271484,24.98777771,27.74323273,27.28955841,20.26209068,18.46409607,,
British Virgin Islands,VGB,Out-of-pocket expenditure (% of current health expenditure),SH.XPD.OOPC.CH.ZS,,,,,,,,,,,,,,,,,,,,,,,,,,,,,,,,,,,,,,,,,,,,,,,,,,,,,,,,,,,,,,
Virgin Islands (U.S.),VIR,Out-of-pocket expenditure (% of current health expenditure),SH.XPD.OOPC.CH.ZS,,,,,,,,,,,,,,,,,,,,,,,,,,,,,,,,,,,,,,,,,,,,,,,,,,,,,,,,,,,,,,
Vietnam,VNM,Out-of-pocket expenditure (% of current health expenditure),SH.XPD.OOPC.CH.ZS,,,,,,,,,,,,,,,,,,,,,,,,,,,,,,,,,,,,,,,,,37.1917038,31.60926437,37.14353561,37.14429092,37.31027985,37.26836014,37.33816147,37.30263519,37.18603134,37.26034927,37.42028046,37.40775299,40.77892303,41.26946259,41.72227097,43.47938538,44.57281876,45.09383011,44.58095169,42.95318604,,
Vanuatu,VUT,Out-of-pocket expenditure (% of current health expenditure),SH.XPD.OOPC.CH.ZS,,,,,,,,,,,,,,,,,,,,,,,,,,,,,,,,,,,,,,,,,10.55218315,11.05275154,8.86371326,9.62882996,9.4091301,9.79648972,9.12537479,9.4282608,8.96869183,8.9544487,8.85383511,8.49025059,8.01056385,7.25230932,8.84150028,7.64015007,11.03490639,10.80882835,8.49533844,8.53738308,,
World,WLD,Out-of-pocket expenditure (% of current health expenditure),SH.XPD.OOPC.CH.ZS,,,,,,,,,,,,,,,,,,,,,,,,,,,,,,,,,,,,,,,,,19.27805621,18.94212329,18.66885621,18.55727859,18.53862341,18.68055928,18.80411824,18.91925951,18.92562321,18.30478661,18.51449596,18.58010033,18.78497955,18.99076842,18.69392928,18.39519522,18.26488778,18.17780944,18.13634742,18.0053165,,
Samoa,WSM,Out-of-pocket expenditure (% of current health expenditure),SH.XPD.OOPC.CH.ZS,,,,,,,,,,,,,,,,,,,,,,,,,,,,,,,,,,,,,,,,,11.9538126,13.98672581,13.21823597,14.38173962,12.9744978,13.04202366,12.81250763,13.07624245,14.24974823,12.54636192,12.61361122,12.28560162,13.89804459,11.06762886,10.99514008,11.50089455,11.71615982,11.30028915,11.7893486,10.13819122,,
Kosovo,XKX,Out-of-pocket expenditure (% of current health expenditure),SH.XPD.OOPC.CH.ZS,,,,,,,,,,,,,,,,,,,,,,,,,,,,,,,,,,,,,,,,,,,,,,,,,,,,,,,,,,,,,,
"Yemen, Rep.",YEM,Out-of-pocket expenditure (% of current health expenditure),SH.XPD.OOPC.CH.ZS,,,,,,,,,,,,,,,,,,,,,,,,,,,,,,,,,,,,,,,,,43.49330521,44.62617874,46.67703629,54.26418686,60.4580574,64.78065491,65.89186859,69.15579224,68.61846161,74.21583557,74.01689911,72.48512268,71.61328888,74.58348083,76.41697693,80.95723724,,,,,,
South Africa,ZAF,Out-of-pocket expenditure (% of current health expenditure),SH.XPD.OOPC.CH.ZS,,,,,,,,,,,,,,,,,,,,,,,,,,,,,,,,,,,,,,,,,14.46151733,14.12628174,13.55776787,12.32614326,11.84590054,11.31283665,10.58286381,9.7028923,8.84287548,8.10977173,7.99506283,7.75090885,7.72202015,7.61004782,5.66398144,5.73665285,5.78583527,5.84618711,5.82433701,5.69271421,,
Zambia,ZMB,Out-of-pocket expenditure (% of current health expenditure),SH.XPD.OOPC.CH.ZS,,,,,,,,,,,,,,,,,,,,,,,,,,,,,,,,,,,,,,,,,26.59008217,26.75356483,24.36344528,23.69815445,25.01428986,31.45973015,32.56932068,33.16505432,35.06565475,25.94079399,24.46971893,21.57601929,17.42673302,11.41708279,13.8197403,12.24888039,12.1607151,11.85059547,10.3405962,10.23160172,,
Zimbabwe,ZWE,Out-of-pocket expenditure (% of current health expenditure),SH.XPD.OOPC.CH.ZS,,,,,,,,,,,,,,,,,,,,,,,,,,,,,,,,,,,,,,,,,,,,,,,,,,,34.43103409,37.2208252,34.9685173,29.75596428,24.83175468,25.78641764,23.31103449,22.80624577,19.6969777,24.37662288,,
